Назва товару,Ціна,Стан,Дата публікації,Місто,Район,Координати на карті,Продавець,Магазин,Посилання на оголошення
"Гравел велосипед Crosser Nord  28""",9 000 грн.,Новый,2021-04-28,Одесса,Киевский,"46.38471, 30.70913",Артур,А-ВЕЛО,https://www.olx.ua/d/obyavlenie/gravel-velosiped-crosser-nord-28-IDLtCMo.html
"Велосипед циклокросс гравийник, gravel, cx, merida",16 000 грн.,Б/у,2022-02-03,Луганск,Жовтневый,"48.574, 39.308",Кирилл,,https://www.olx.ua/d/obyavlenie/velosiped-tsiklokross-graviynik-gravel-cx-merida-IDO4aj6.html
"Gravel Giant Toughtroad гревел, туринг",19 500 грн.,Б/у,2022-05-29,Сумы,,"50.9074, 34.80236",Роман,,https://www.olx.ua/d/obyavlenie/gravel-giant-toughtroad-grevel-turing-IDOJVEH.html
"Велосипед dolan multi-x кроссовый , гравел , ендюренс",1 100 грн.,Новый,2022-04-28,Черкассы,,"49.4141, 32.06042",Ростислав,,https://www.olx.ua/d/obyavlenie/velosiped-dolan-multi-x-krossovyy-gravel-endyurens-IDOwc3b.html
"Продам Gravel Skyland (mtb drop-bar, гревел, гравийник)",5 500 грн.,Б/у,2021-05-24,Черкассы,,"49.4141, 32.06042",Андрей,,https://www.olx.ua/d/obyavlenie/prodam-gravel-skyland-mtb-drop-bar-grevel-graviynik-IDLIgGN.html
Koga-Miyata 28 XL 61 touring cro-mo cr-mo хромоль  туринг сити гравел,5 800 грн.,Б/у,2022-05-23,Ладыжин,,"48.68381, 29.24763",Андрей,,https://www.olx.ua/d/obyavlenie/koga-miyata-28-xl-61-touring-cro-mo-cr-mo-hromol-turing-siti-gravel-IDOGCBD.html
Фреймсет Guerciotti Gieten Cross для велокросса\Gravel Рама XS,7 383 грн.,Б/у,2022-02-18,Николаев,Центральный,"47.015, 31.952",Roman Kotsa,,https://www.olx.ua/d/obyavlenie/freymset-guerciotti-gieten-cross-dlya-velokrossa-gravel-rama-xs-IDOcUig.html
"РОЗНИЦА опт дропшиппинг алюміній гревел Crosser Gravel NORD 28"" Trek",8 249 грн.,Новый,2021-06-01,Киев,Голосеевский,"50.35684, 30.51985",Велобокс,ВЕЛОБОКС,https://www.olx.ua/d/obyavlenie/roznitsa-opt-dropshipping-alyumny-grevel-crosser-gravel-nord-28-trek-IDLNtsQ.html
Шоссейный велосипед Старт Шоссе,8 500 грн.,Б/у,2020-08-07,Козельщина,,"49.21, 33.85",Алексей,,https://www.olx.ua/d/obyavlenie/shosseynyy-velosiped-start-shosse-IDIQMk1.html
"Велосипед алюминий гревел  Crosser Gravel NORD 28"" Giant гравел гревэл",8 990 грн.,Новый,2021-05-31,Одесса,Киевский,"46.38471, 30.70913",Велобокс,ВЕЛОБОКС,https://www.olx.ua/d/obyavlenie/velosiped-alyuminiy-grevel-crosser-gravel-nord-28-giant-gravel-grevel-IDLMQQw.html
Велосипед алюм гревел Crosser Gravel NORD 28 Trek GT гравел циклокросс,8 990 грн.,Новый,2021-06-02,Днепр,Центральный,"48.463, 35.02387",Велобокс,ВЕЛОБОКС,https://www.olx.ua/d/obyavlenie/velosiped-alyum-grevel-crosser-gravel-nord-28-trek-gt-gravel-tsiklokross-IDLNTAv.html
"Велосіпед алюм гревел Crosser Gravel NORD 28"" Trek GT гравел гревэл",8 990 грн.,Новый,2021-06-02,Львов,Лычаковский,"49.848, 24.068",Велобокс,ВЕЛОБОКС,https://www.olx.ua/d/obyavlenie/velosped-alyum-grevel-crosser-gravel-nord-28-trek-gt-gravel-grevel-IDLNUlV.html
"Велосипед гревел алюминий Crosser Gravel NORD 28"" Giant гравел гревэл",8 990 грн.,Новый,2022-05-30,Одесса,Приморский,"46.467, 30.745",Мишка,,https://www.olx.ua/d/obyavlenie/velosiped-grevel-alyuminiy-crosser-gravel-nord-28-giant-gravel-grevel-IDOKruF.html
Туринг Bulls Daily гравел циклокрос из Германии (как новый),20 967 грн.,Б/у,2021-12-19,Ирпень,,"50.51752, 30.2593",Артём,,https://www.olx.ua/d/obyavlenie/turing-bulls-daily-gravel-tsiklokros-iz-germanii-kak-novyy-IDNFHWW.html
Туринг гравийный велосипед KTM Strada Glorious гравел из Германии,25 200 грн.,Б/у,2022-05-24,Ирпень,,"50.51752, 30.2593",Артём,,https://www.olx.ua/d/obyavlenie/turing-graviynyy-velosiped-ktm-strada-glorious-gravel-iz-germanii-IDOHkul.html
Велосипед Gravel Cube Nuroad Pro 56 на осях rondo cannondale merida,28 700 грн.,Б/у,2022-05-31,Запорожье,Хортицкий,"47.815, 35.052",Александр,веломагазин ВеЛас,https://www.olx.ua/d/obyavlenie/velosiped-gravel-cube-nuroad-pro-56-na-osyah-rondo-cannondale-merida-IDOL4YB.html
Велосипед Romet Mistral Claris touring gravel Shimano,9 000 грн.,Б/у,2022-03-28,Киев,Днепровский,"50.45964, 30.61717",Алексей,,https://www.olx.ua/d/obyavlenie/velosiped-romet-mistral-claris-touring-gravel-shimano-IDOkFmw.html
Crosser Gravel 28 -  алюминиевый велосипед NORD/ROAD/XC-300 (гравел),9 150 грн.,Новый,2022-05-28,Киев,Дарницкий,"50.40931, 30.69263",Вело-Хата,Velo-Hata.com  Веломагазин,https://www.olx.ua/d/obyavlenie/crosser-gravel-28-alyuminievyy-velosiped-nord-road-xc-300-gravel-IDOJ6Xh.html
"Велосипед гравел Crosser NORD 28 | LTWOO R2, 2*7S",9 250 грн.,Новый,2022-04-30,Киев,Шевченковский,"50.47135, 30.4624",Дмитрий,Velo-life,https://www.olx.ua/d/obyavlenie/velosiped-gravel-crosser-nord-28-ltwoo-r2-27s-IDOwJwu.html
"Гравел,шоссейный,фикс,гравийный велосипед Crosser Nord 28"" (Новые!)",9 300 грн.,Новый,2021-06-30,Киев,Голосеевский,"50.35684, 30.51985",Данил,,https://www.olx.ua/d/obyavlenie/gravel-shosseynyy-fiks-graviynyy-velosiped-crosser-nord-28-novye-IDM3Klu.html
"Гравийный велосипед Crosser Nord 28"" (Новые!) гравел,шоссейный,фикс",9 300 грн.,Новый,2021-06-30,Харьков,Индустриальный ,"49.933, 36.401",Данил,,https://www.olx.ua/d/obyavlenie/graviynyy-velosiped-crosser-nord-28-novye-gravel-shosseynyy-fiks-IDM3NaJ.html
"Гравийный велосипед Crosser Nord 28"" (Новые!) гравел,шоссейный,фикс.",9 300 грн.,Новый,2021-07-08,Одесса,Киевский,"46.38471, 30.70913",Данил,,https://www.olx.ua/d/obyavlenie/graviynyy-velosiped-crosser-nord-28-novye-gravel-shosseynyy-fiks-IDM8969.html
"Велосипеды Гравел Crosser Nord 28"" шоссейный,фикс,гравийный (Новые!)",9 300 грн.,Новый,2021-07-08,Львов,Галицкий,"49.83524, 24.03517",Данил,,https://www.olx.ua/d/obyavlenie/velosipedy-gravel-crosser-nord-28-shosseynyy-fiks-graviynyy-novye-IDM89hY.html
"Гравел Crosser Nord 28"" шоссейный,фикс,гравийный (Новые!)",9 300 грн.,Новый,2022-03-23,Черкассы,,"49.4141, 32.06042",Данил,,https://www.olx.ua/d/obyavlenie/gravel-crosser-nord-28-shosseynyy-fiks-graviynyy-novye-IDOjtiv.html
"Велосипеды Crosser Nord 28"" шоссейный,фикс,гравийный (Новые!)",9 300 грн.,Новый,2022-03-23,Ровно,,"50.61634, 26.257",Данил,,https://www.olx.ua/d/obyavlenie/velosipedy-crosser-nord-28-shosseynyy-fiks-graviynyy-novye-IDOjtjl.html
"Гравийный велосипед Crosser Nord 28"" шоссейный,фикс,гравийный (Новые!)",9 300 грн.,Новый,2022-03-23,Полтава,,"49.5991, 34.55674",Данил,,https://www.olx.ua/d/obyavlenie/graviynyy-velosiped-crosser-nord-28-shosseynyy-fiks-graviynyy-novye-IDOjtkT.html
Гравел Trek checkpoint alr4 2021,36 000 грн.,Б/у,2022-01-29,Киев,Святошинский,"50.45612, 30.34653",Sergey,,https://www.olx.ua/d/obyavlenie/gravel-trek-checkpoint-alr4-2021-IDO0YIM.html
"Циклокросс Canyon Inflite AL 9.0 p.XL (gravel,гравел,грейвл,гравийник)",37 652 грн.,Б/у,2022-03-20,Ивано-Франковск,,"48.91819, 24.71343",VeloPark,,https://www.olx.ua/d/obyavlenie/tsiklokross-canyon-inflite-al-9-0-p-xl-gravel-gravel-greyvl-graviynik-IDOiONj.html
Гравел Stevens Gavere GRX гравийный велосипед циклокросс из Германии,37 900 грн.,Б/у,2022-02-03,Ирпень,,"50.51752, 30.2593",Артём,,https://www.olx.ua/d/obyavlenie/gravel-stevens-gavere-grx-graviynyy-velosiped-tsiklokross-iz-germanii-IDO436D.html
Велосипед focus arriba ridley crossdow gravel гибрид гравел циклокросс,9 500 грн.,Б/у,2022-04-03,Днепр,Индустриальный,"48.51431, 35.07339",Артур,,https://www.olx.ua/d/obyavlenie/velosiped-focus-arriba-ridley-crossdow-gravel-gibrid-gravel-tsiklokross-IDOmnWz.html
"МТБ среднего уровня 175-185см Gt Avalanche Elite M 27,5",9 800 грн.,Б/у,2021-08-01,Харьков,Московский,"49.962, 36.343",Максим,,https://www.olx.ua/d/obyavlenie/mtb-srednego-urovnya-175-185sm-gt-avalanche-elite-m-27-5-IDMkjM4.html
Гравійний велосипед ХВЗ Турист (повний кастом),9 999 грн.,Б/у,2022-05-18,Борисполь,,"50.35334, 30.95723",Сергій,,https://www.olx.ua/d/obyavlenie/gravyniy-velosiped-hvz-turist-povniy-kastom-IDOE0F7.html
Гравийный велосипед Crosser Nord 28 М 16S,10 000 грн.,Б/у,2021-12-27,Киев,Дарницкий,"50.40931, 30.69263",Александр,,https://www.olx.ua/d/obyavlenie/graviynyy-velosiped-crosser-nord-28-m-16s-IDNK5ds.html
"Самий дешевий Гревел Велосипед Crosser Gravel NORD 28"", рама 17 S",10 500 грн.,Б/у,2022-05-29,Черкассы,,"49.4141, 32.06042",Осадчий Максим,,https://www.olx.ua/d/obyavlenie/samiy-desheviy-grevel-velosiped-crosser-gravel-nord-28-rama-17-s-IDOJTOW.html
"Велосипед. Циклокрос, шоссе,  гравел SCO cross Beast 2.0. Tre",11 000 грн.,Б/у,2022-05-14,Херсон,,"46.65205, 32.59",Андрей,,https://www.olx.ua/d/obyavlenie/velosiped-tsiklokros-shosse-gravel-sco-cross-beast-2-0-tre-IDOC8T3.html
trek 28 cross гібрид сіті cube spacialized scott гравел гревел,11 222 грн.,Б/у,2021-11-29,Львов,Франковский,"49.839, 23.995",GLK,,https://www.olx.ua/d/obyavlenie/trek-28-cross-gbrid-st-cube-spacialized-scott-gravel-grevel-IDNtegT.html
"Туринг, гравел, gravel TREK, на зріст 170-190",12 000 грн.,Б/у,2022-05-08,Олевск,,"51.22076, 27.64422",Василь,,https://www.olx.ua/d/obyavlenie/turing-gravel-gravel-trek-na-zrst-170-190-IDOzkOX.html
Цикло.кросс Гравел байк Trek. Гравийный туринг28 вилка карбон,12 500 грн.,Б/у,2021-10-30,Креховичи,,"49.00205, 24.15155",Денис,,https://www.olx.ua/d/obyavlenie/tsiklo-kross-gravel-bayk-trek-graviynyy-turing28-vilka-karbon-IDNaAtX.html
Gravel/Endurance велосипед Fixie Inc Race 8,13 880 грн.,Б/у,2021-06-12,Харьков,Шевченковский,"50.045, 36.221",Сергей,Best Bikes. Продажа велос...,https://www.olx.ua/d/obyavlenie/gravel-endurance-velosiped-fixie-inc-race-8-IDLU0lH.html
Corratec  Gravel (2020)  Trek cube Sram Rival 1 елекро гравел scott,57 000 грн.,Б/у,2022-04-18,Ивано-Франковск,,"48.91819, 24.71343",Ua ' If,,https://www.olx.ua/d/obyavlenie/corratec-gravel-2020-trek-cube-sram-rival-1-elekro-gravel-scott-IDOroFL.html
Велосипед Циклокрос Гравел Rose BackRoab карбон,67 000 грн.,Б/у,2022-05-23,Черновцы,,"48.3, 25.93",Василь,,https://www.olx.ua/d/obyavlenie/velosiped-tsiklokros-gravel-rose-backroab-karbon-IDOGTMm.html
"Велосипед Merida Silex 6000 (2021) metallic teal / Gravel, гревел",80 000 грн.,Новый,2022-05-19,Киев,Шевченковский,"50.47135, 30.4624",Богдан,ТОВ «Аш Бі Медікал»,https://www.olx.ua/d/obyavlenie/velosiped-merida-silex-6000-2021-metallic-teal-gravel-grevel-IDOEFte.html
Велосипед BOMBTRACK 2020 ARISE 2 GEARED Gravel/Туринг Surly Salsa Kona,14 385 грн.,Б/у,2021-10-13,Львов,Железнодорожный,"49.839, 23.996",Олександр,,https://www.olx.ua/d/obyavlenie/velosiped-bombtrack-2020-arise-2-geared-gravel-turing-surly-salsa-kona-IDN0GVb.html
"Циклокроссовый Gravel/Endura 28"" 2danger crossroad COMP Shimano 105",14 600 грн.,Б/у,2022-03-27,Черновцы,,"48.3, 25.93",Вело Світ,VeloSvit,https://www.olx.ua/d/obyavlenie/tsiklokrossovyy-gravel-endura-28-2danger-crossroad-comp-shimano-105-IDOklwJ.html
"Гравийный велосипед DeMARCHE Gravel Point 28"" L-TWOO, 2022 (Нові)",14 900 грн.,Новый,2022-05-03,Киев,Голосеевский,"50.35684, 30.51985",Данил,,https://www.olx.ua/d/obyavlenie/graviynyy-velosiped-demarche-gravel-point-28-l-twoo-2022-nov-IDOxruI.html
"Гравийный велосипед DeMARCHE Gravel Point (Нові) 28"" L-TWOO, 2022",14 900 грн.,Новый,2022-05-14,Полтава,,"49.5991, 34.55674",Данил,,https://www.olx.ua/d/obyavlenie/graviynyy-velosiped-demarche-gravel-point-nov-28-l-twoo-2022-IDOC4ma.html
Pride rocx 8.2 flb 2019 прямой карбоновый руль,14 999 грн.,Б/у,2022-05-31,Полтава,,"49.5991, 34.55674",Николай,,https://www.olx.ua/d/obyavlenie/pride-rocx-8-2-flb-2019-pryamoy-karbonovyy-rul-IDOLpGQ.html
Merida s-presso 100 велосипед,15 000 грн.,Б/у,2022-03-22,Киев,Дарницкий,"50.40931, 30.69263",Влад,,https://www.olx.ua/d/obyavlenie/merida-s-presso-100-velosiped-IDOjb5v.html
"Велосипед гравийный DeMARCHE Gravel Point 28"" L-TWOO (18S, 2х9)",15 000 грн.,Невідомо,2022-04-24,Одесса,Приморский,"46.467, 30.745",Александр Crosser Official,Crosser bike official,https://www.olx.ua/d/obyavlenie/velosiped-graviynyy-demarche-gravel-point-28-l-twoo-18s-2h9-IDOtnAO.html
Triban rc 500 / sram rival 1*11 гревел / gravel /розмiр М,15 000 грн.,Б/у,2022-04-27,Тячев,,"48.01115, 23.57584",Никита,,https://www.olx.ua/d/obyavlenie/triban-rc-500-sram-rival-111-grevel-gravel-rozmir-m-IDOuqyY.html
"велосипед,гравійнік,gravel,pride rocx 8.1 2020 рама L",15 500 грн.,Б/у,2022-02-21,Черновцы,,"48.3, 25.93",Максим,,https://www.olx.ua/d/obyavlenie/velosiped-gravynk-gravel-pride-rocx-8-1-2020-rama-l-IDOf2L8.html
Велосипед алюм гревел Crosser Gravel NORD 28 Trek GT гравел циклокросс,8 990 грн.,Новый,2021-06-02,Днепр,Центральный,"48.463, 35.02387",Велобокс,ВЕЛОБОКС,https://www.olx.ua/d/obyavlenie/velosiped-alyum-grevel-crosser-gravel-nord-28-trek-gt-gravel-tsiklokross-IDLNTAv.html
"Велосипед циклокросс гравийник, gravel, cx, merida",16 000 грн.,Б/у,2022-02-03,Луганск,Жовтневый,"48.574, 39.308",Кирилл,,https://www.olx.ua/d/obyavlenie/velosiped-tsiklokross-graviynik-gravel-cx-merida-IDO4aj6.html
"Gravel Giant Toughtroad гревел, туринг",19 500 грн.,Б/у,2022-05-29,Сумы,,"50.9074, 34.80236",Роман,,https://www.olx.ua/d/obyavlenie/gravel-giant-toughtroad-grevel-turing-IDOJVEH.html
Gravel/Циклокросс White GX  Shimano Tiaga  2*10 sp,15 797 грн.,Б/у,2022-05-14,Днепр,Амур-Нижнеднепровский,"48.55694, 34.97792",Иван,VeloStok,https://www.olx.ua/d/obyavlenie/gravel-tsiklokross-white-gx-shimano-tiaga-210-sp-IDOCmNN.html
Велосипед гравійник Gravel Bulls,15 800 грн.,Б/у,2022-02-20,Луцк,,"50.74158, 25.28939",Вадім,Велосипеди та Лижі з Європи,https://www.olx.ua/d/obyavlenie/velosiped-gravynik-gravel-bulls-IDOetdD.html
"Шоссейный велосипед Giant, Cube, Scott, Trek,Canyon,циклокросс, gravel",15 999 грн.,Б/у,2022-02-16,Советское,,"50.11951, 25.6899",Андрей,,https://www.olx.ua/d/obyavlenie/shosseynyy-velosiped-giant-cube-scott-trek-canyon-tsiklokross-gravel-IDObVYy.html
Велосипед Specialized Crosstrail Gravel 2019,16 000 грн.,Б/у,2021-11-12,Хуст,,"48.18232, 23.30492",Віктор,,https://www.olx.ua/d/obyavlenie/velosiped-specialized-crosstrail-gravel-2019-IDNi55e.html
Gravel/Touring велосипед Kona Sutra,16 242 грн.,Б/у,2021-04-26,Харьков,Шевченковский,"50.045, 36.221",Сергей,Best Bikes. Продажа велос...,https://www.olx.ua/d/obyavlenie/gravel-touring-velosiped-kona-sutra-IDLstvq.html
28 колеса trek туринг гравел гревел не cube specialized,16 242 грн.,Б/у,2022-02-02,Львов,Франковский,"49.839, 23.995",GLK,,https://www.olx.ua/d/obyavlenie/28-kolesa-trek-turing-gravel-grevel-ne-cube-specialized-IDO3eAV.html
Велосипед Гравел Genesis Sora Gravel cube туринг цыклокросс,16 500 грн.,Б/у,2021-11-07,Черновцы,,"48.3, 25.93",Тарас,,https://www.olx.ua/d/obyavlenie/velosiped-gravel-genesis-sora-gravel-cube-turing-tsyklokross-IDNfcIV.html
Велосипед гравел туринг цыклокросс Eastway balun Gravel cube scott,16 500 грн.,Б/у,2021-11-12,Черновцы,,"48.3, 25.93",Тарас,,https://www.olx.ua/d/obyavlenie/velosiped-gravel-turing-tsyklokross-eastway-balun-gravel-cube-scott-IDNia07.html
"Гравийный велосипед DeMARCHE Gravel Point 28"", 2022 (Нові)",16 600 грн.,Новый,2022-05-05,Киев,Голосеевский,"50.35684, 30.51985",Данил,,https://www.olx.ua/d/obyavlenie/graviynyy-velosiped-demarche-gravel-point-28-2022-nov-IDOylNT.html
"Велосипед Ridley X-Bow Циклокросс(cyclo-cross,gravel)",17 000 грн.,Б/у,2021-07-16,Харьков,Основянский,"49.928, 36.22",Иван,,https://www.olx.ua/d/obyavlenie/velosiped-ridley-x-bow-tsiklokrosscyclo-cross-gravel-IDMcciM.html
"Гравел CUBE NUROAD PRO FE (2021)Carbon/Tiagra,велосипед Gravel",24 200 грн.,Б/у,2022-05-22,Каменка-Бугская,,"50.09947, 24.34957",Олег,ВелоДруг,https://www.olx.ua/d/obyavlenie/gravel-cube-nuroad-pro-fe-2021carbon-tiagra-velosiped-gravel-IDOGhQ2.html
Гравийний grevel гравел Хромоль ! GRX ! Brooks ! Marin Cube Giant Trek,32 500 грн.,Б/у,2021-07-10,Тернополь,,"49.56069, 25.61132",хххРОМАххх,,https://www.olx.ua/d/obyavlenie/graviyniy-grevel-gravel-hromol-grx-brooks-marin-cube-giant-trek-IDM9ayf.html
Гравел Scott spidster10 (М),34 600 грн.,Б/у,2022-05-30,Белки,,"48.32948, 23.11653",артур,,https://www.olx.ua/d/obyavlenie/gravel-scott-spidster10-m-IDOK8zZ.html
"Eastway CX2.0 гравел, циклокрос",17 500 грн.,Б/у,2022-05-27,Ивано-Франковск,,"48.91819, 24.71343",Sergiy,,https://www.olx.ua/d/obyavlenie/eastway-cx2-0-gravel-tsiklokros-IDOIE4M.html
Гравел DeMaRCHE Stone,17 500 грн.,Новый,2022-05-28,Одесса,Малиновский,"46.46309, 30.67813",Юрий,,https://www.olx.ua/d/obyavlenie/gravel-demarche-stone-IDOJxp9.html
Продам велосипед Gravel Bergamont Gram Durance 5 (Ціна 480$ торг),17 500 грн.,Б/у,2022-05-31,Коломыя,,"48.53, 25.04",Роман,VeloRoma,https://www.olx.ua/d/obyavlenie/prodam-velosiped-gravel-bergamont-gram-durance-5-tsna-480-torg-IDOLoSp.html
Велосипед Liv (Giant) Rove 1 28” ( Cube Trek Scott Merida Ktm) SALE,17 689 грн.,Б/у,2021-07-27,Ровно,,"50.61634, 26.257",Євгений,Роверок,https://www.olx.ua/d/obyavlenie/velosiped-liv-giant-rove-1-28-cube-trek-scott-merida-ktm-sale-IDMhDw4.html
Американский гравел MARIN Gravel . Cube.Specialized.Cannondale.carbon,17 719 грн.,Б/у,2022-02-18,Киев,Оболонский,"50.51015, 30.50243",Владимир,Склад магазин Велосипедов...,https://www.olx.ua/d/obyavlenie/amerikanskiy-gravel-marin-gravel-cube-specialized-cannondale-carbon-IDOd3BI.html
Циклокроссовый Gravel/Endurance велосипед Merida Cyclocross 100 2019,18 000 грн.,Б/у,2020-12-07,Мариуполь,,"47.12688, 37.56024",Александр,,https://www.olx.ua/d/obyavlenie/tsiklokrossovyy-gravel-endurance-velosiped-merida-cyclocross-100-2019-IDK3JUm.html
"Gravel велосипед Salsa Journeyman, 650b, 2019",18 162 грн.,Б/у,2021-09-02,Харьков,Шевченковский,"50.045, 36.221",Сергей,Best Bikes. Продажа велос...,https://www.olx.ua/d/obyavlenie/gravel-velosiped-salsa-journeyman-650b-2019-IDMClqA.html
Велосипед гревел гравел цк Focus Mares AX-1,18 300 грн.,Б/у,2022-03-20,Киев,Дарницкий,"50.40931, 30.69263",Захар,,https://www.olx.ua/d/obyavlenie/velosiped-grevel-gravel-tsk-focus-mares-ax-1-IDOiJoI.html
Gravel/Cross велосипед Radial Revere X 2.1,18 309 грн.,Б/у,2021-07-29,Харьков,Шевченковский,"50.045, 36.221",Сергей,Best Bikes. Продажа велос...,https://www.olx.ua/d/obyavlenie/gravel-cross-velosiped-radial-revere-x-2-1-IDMiNNx.html
"Gravel/Endurance велосипед B'Twin Triban RC 500 Disc, Dynamo+",18 309 грн.,Б/у,2022-02-13,Харьков,Шевченковский,"50.045, 36.221",Сергей,Best Bikes. Продажа велос...,https://www.olx.ua/d/obyavlenie/gravel-endurance-velosiped-btwin-triban-rc-500-disc-dynamo-IDOajKt.html
"Продам велосипед шоссейный (gravel, гравийный) Cube Nuroad Race",35 000 грн.,Б/у,2022-05-30,Кременчуг,,"49.10325, 33.43006",Владимир,,https://www.olx.ua/d/obyavlenie/prodam-velosiped-shosseynyy-gravel-graviynyy-cube-nuroad-race-IDOKici.html
Гравел Trek checkpoint alr4 2021,36 000 грн.,Б/у,2022-01-29,Киев,Святошинский,"50.45612, 30.34653",Sergey,,https://www.olx.ua/d/obyavlenie/gravel-trek-checkpoint-alr4-2021-IDO0YIM.html
Cannondale topstone 3 gravel Sora гравел велосипед,37 000 грн.,Б/у,2022-06-02,Бровары,,"50.50568, 30.77972",Anthony,,https://www.olx.ua/d/obyavlenie/cannondale-topstone-3-gravel-sora-gravel-velosiped-IDOMd05.html
Trek Domane 2 Gravel гравійний Cube Trek Giant Specialized,18 900 грн.,Б/у,2021-12-26,Коломыя,,"48.53, 25.04",Kolya,,https://www.olx.ua/d/obyavlenie/trek-domane-2-gravel-gravyniy-cube-trek-giant-specialized-IDNJpsI.html
28 GRAVEL Германия Гравийник  Cube Trek Merida Giant Orbea Ghost Kona,18 999 грн.,Б/у,2022-04-09,Запорожье,Коммунарский,"47.777, 35.186",Artem,"ИНТЕРНЕТ ПРОДАЖА, РАЗБОРК...",https://www.olx.ua/d/obyavlenie/28-gravel-germaniya-graviynik-cube-trek-merida-giant-orbea-ghost-kona-IDOnZkS.html
28 TRIBAN RC 500 GRAVEL DISC вилка CARBON. Гравийник Cube Trek Merida,18 999 грн.,Б/у,2022-05-04,Запорожье,Коммунарский,"47.777, 35.186",Artem,"ИНТЕРНЕТ ПРОДАЖА, РАЗБОРК...",https://www.olx.ua/d/obyavlenie/28-triban-rc-500-gravel-disc-vilka-carbon-graviynik-cube-trek-merida-IDOxQvn.html
Гравел Merida Speeder 400,19 000 грн.,Невідомо,2020-07-14,Харьков,Московский,"49.962, 36.343",Виталий,,https://www.olx.ua/d/obyavlenie/gravel-merida-speeder-400-IDIDslV.html
Велосипед\ городской\ гравел\ циклкрос Merida SPEEDER 300 2019р.,19 195 грн.,Б/у,2020-09-25,Ивано-Франковск,,"48.91819, 24.71343",Ігор,Вело-Спорт,https://www.olx.ua/d/obyavlenie/velosiped-gorodskoy-gravel-tsiklkros-merida-speeder-300-2019r-IDJks0H.html
Gravel/кроссовый велосипед Btwin Triban RC 520,19 195 грн.,Б/у,2021-10-05,Харьков,Шевченковский,"50.045, 36.221",Сергей,Best Bikes. Продажа велос...,https://www.olx.ua/d/obyavlenie/gravel-krossovyy-velosiped-btwin-triban-rc-520-IDMVzKu.html
Велосипед Scott Sportster 20 гибрид/гравел,19 195 грн.,Б/у,2022-04-10,Чернигов,,"51.49958, 31.27966",Юрий,,https://www.olx.ua/d/obyavlenie/velosiped-scott-sportster-20-gibrid-gravel-IDOovPX.html
Gravel/циклокроссовый велосипед Kona Jake CX,19 490 грн.,Б/у,2021-04-26,Харьков,Шевченковский,"50.045, 36.221",Сергей,Best Bikes. Продажа велос...,https://www.olx.ua/d/obyavlenie/gravel-tsiklokrossovyy-velosiped-kona-jake-cx-IDLstBD.html
Велосипед Гравел Fuji Cross LE One 5 (Shimano 105),19 786 грн.,Б/у,2021-12-13,Хуст,,"48.18232, 23.30492",Сергій,,https://www.olx.ua/d/obyavlenie/velosiped-gravel-fuji-cross-le-one-5-shimano-105-IDNCn6j.html
Велосипед туринг гравел Genesis shimano nexus 8,19 800 грн.,Б/у,2022-03-19,Черновцы,,"48.3, 25.93",fahrrad,,https://www.olx.ua/d/obyavlenie/velosiped-turing-gravel-genesis-shimano-nexus-8-IDOizIS.html
Corratec  Gravel (2020)  Trek cube Sram Rival 1 елекро гравел scott,57 000 грн.,Б/у,2022-04-18,Ивано-Франковск,,"48.91819, 24.71343",Ua ' If,,https://www.olx.ua/d/obyavlenie/corratec-gravel-2020-trek-cube-sram-rival-1-elekro-gravel-scott-IDOroFL.html
Велосипед Циклокрос Гравел Rose BackRoab карбон,67 000 грн.,Б/у,2022-05-23,Черновцы,,"48.3, 25.93",Василь,,https://www.olx.ua/d/obyavlenie/velosiped-tsiklokros-gravel-rose-backroab-karbon-IDOGTMm.html
29x3.0 Salsa Fargo Custom гравийный монстеркросс гравел гравийник,99 999 грн.,Б/у,2022-04-09,Хмельницкий,,"49.40611, 27.0045",Продавец,,https://www.olx.ua/d/obyavlenie/29x3-0-salsa-fargo-custom-graviynyy-monsterkross-gravel-graviynik-IDOnYZP.html
Гравийний grevel гравел Marin Lombard 1/2021/49см/Cube Giant Trek,20 000 грн.,Б/у,2021-07-02,Тернополь,,"49.56069, 25.61132",хххРОМАххх,,https://www.olx.ua/d/obyavlenie/graviyniy-grevel-gravel-marin-lombard-1-2021-49sm-cube-giant-trek-IDM4WbL.html
Велосипед циклокросс (гравел) Fuji cross one.6 ltd,20 000 грн.,Б/у,2021-10-06,Львов,Сиховский,"49.792, 24.064",Oleg,,https://www.olx.ua/d/obyavlenie/velosiped-tsiklokross-gravel-fuji-cross-one-6-ltd-IDMVIUY.html
Велосипед Leon XC70,20 000 грн.,Б/у,2022-05-20,Винница,Замостянский,"49.248, 28.519",Артём,,https://www.olx.ua/d/obyavlenie/velosiped-leon-xc70-IDOFbXg.html
Gravel/туринговый велосипед Fuji TOURING,20 081 грн.,Б/у,2021-04-26,Харьков,Шевченковский,"50.045, 36.221",Сергей,Best Bikes. Продажа велос...,https://www.olx.ua/d/obyavlenie/gravel-turingovyy-velosiped-fuji-touring-IDLst4n.html
Маленький Gravel/Cross велосипед Guerciotti Gieten,20 229 грн.,Б/у,2021-09-02,Харьков,Шевченковский,"50.045, 36.221",Сергей,Best Bikes. Продажа велос...,https://www.olx.ua/d/obyavlenie/malenkiy-gravel-cross-velosiped-guerciotti-gieten-IDMCmP0.html
"Fuji Touring LTD туринг, гравел",20 376 грн.,Б/у,2021-12-02,Одесса,Киевский,"46.38471, 30.70913",Руслан,velomedutin,https://www.olx.ua/d/obyavlenie/fuji-touring-ltd-turing-gravel-IDNwmMy.html
28 CUBE SL ROAD PRO 2020 Sram GX Eagle 1X12. Гибрид. Гравийник Gravel,20 500 грн.,Б/у,2022-04-30,Запорожье,Коммунарский,"47.777, 35.186",Artem,"ИНТЕРНЕТ ПРОДАЖА, РАЗБОРК...",https://www.olx.ua/d/obyavlenie/28-cube-sl-road-pro-2020-sram-gx-eagle-1x12-gibrid-graviynik-gravel-IDOv9yY.html
Велосипед гравел туринг Liv giant xs cube cannondale specialized scott,20 800 грн.,Б/у,2022-03-19,Черновцы,,"48.3, 25.93",Продавець,,https://www.olx.ua/d/obyavlenie/velosiped-gravel-turing-liv-giant-xs-cube-cannondale-specialized-scott-IDOiBOd.html
"Гравел велосипед Crosser Nord  28""",9 000 грн.,Новый,2021-04-28,Одесса,Киевский,"46.38471, 30.70913",Артур,А-ВЕЛО,https://www.olx.ua/d/obyavlenie/gravel-velosiped-crosser-nord-28-IDLtCMo.html
"Велосипед циклокросс гравийник, gravel, cx, merida",16 000 грн.,Б/у,2022-02-03,Луганск,Жовтневый,"48.574, 39.308",Кирилл,,https://www.olx.ua/d/obyavlenie/velosiped-tsiklokross-graviynik-gravel-cx-merida-IDO4aj6.html
Гравел DeMaRCHE Stone,17 500 грн.,Новый,2022-05-28,Одесса,Малиновский,"46.46309, 30.67813",Юрий,,https://www.olx.ua/d/obyavlenie/gravel-demarche-stone-IDOJxp9.html
Туринг Bulls Daily гравел циклокрос из Германии (как новый),20 967 грн.,Б/у,2021-12-19,Ирпень,,"50.51752, 30.2593",Артём,,https://www.olx.ua/d/obyavlenie/turing-bulls-daily-gravel-tsiklokros-iz-germanii-kak-novyy-IDNFHWW.html
Гравийный велосипед Gravel Spirit Piligrim 8.1 28 !ВІЙСЬКОВИМ ЗНИЖКА!,21 450 грн.,Новый,2021-09-22,Киев,Голосеевский,"50.35684, 30.51985",Александр,ROWER LIFE,https://www.olx.ua/d/obyavlenie/graviynyy-velosiped-gravel-spirit-piligrim-8-1-28-vyskovim-znizhka-IDMOyDG.html
Велосипед туринг гравел Fahrrad manufaktur T-Randonneur S 57 см cube,21 900 грн.,Б/у,2022-04-29,Черновцы,,"48.3, 25.93",Тарас,,https://www.olx.ua/d/obyavlenie/velosiped-turing-gravel-fahrrad-manufaktur-t-randonneur-s-57-sm-cube-IDOwD6T.html
Велосипед гравел gravel Focus  shimano tiagra 60 cm.,21 900 грн.,Б/у,2022-04-29,Черновцы,,"48.3, 25.93",fahrrad,,https://www.olx.ua/d/obyavlenie/velosiped-gravel-gravel-focus-shimano-tiagra-60-cm-IDOwFxf.html
Gravel/туринговый велосипед Fuji TOURING Disc LTD 2020,22 148 грн.,Б/у,2021-04-26,Харьков,Шевченковский,"50.045, 36.221",Сергей,Best Bikes. Продажа велос...,https://www.olx.ua/d/obyavlenie/gravel-turingovyy-velosiped-fuji-touring-disc-ltd-2020-IDLsEvb.html
Горный велосипед Canyon Grand cube trek scott cannondale merida gt,22 148 грн.,Б/у,2021-09-02,Киев,Дарницкий,"50.40931, 30.69263",ЄвроБайк,Euro.bike,https://www.olx.ua/d/obyavlenie/gornyy-velosiped-canyon-grand-cube-trek-scott-cannondale-merida-gt-IDMCzW1.html
Городской велосипед Bergamont Sweep  trek cube scott gravel canyon,22 200 грн.,Б/у,2021-11-04,Киев,Дарницкий,"50.40931, 30.69263",ЄвроБайк,Euro.bike,https://www.olx.ua/d/obyavlenie/gorodskoy-velosiped-bergamont-sweep-trek-cube-scott-gravel-canyon-IDNdsMf.html
Гравел Bulls Daily Grinder 1 2020 Cube Merida Bianchi Specialized KTM,22 739 грн.,Б/у,2021-09-19,Киев,Днепровский,"50.45964, 30.61717",Веломан,ВЕЛОМАН,https://www.olx.ua/d/obyavlenie/gravel-bulls-daily-grinder-1-2020-cube-merida-bianchi-specialized-ktm-IDMMIpT.html
Велосипед гравел Bergamont Gran durance 3 cube specialized cannondale,22 800 грн.,Б/у,2022-04-09,Черновцы,,"48.3, 25.93",Тарас,,https://www.olx.ua/d/obyavlenie/velosiped-gravel-bergamont-gran-durance-3-cube-specialized-cannondale-IDOo6nw.html
Gravel / Touring велосипед Marin Four Corners 2020,23 034 грн.,Б/у,2021-04-26,Харьков,Шевченковский,"50.045, 36.221",Сергей,Best Bikes. Продажа велос...,https://www.olx.ua/d/obyavlenie/gravel-touring-velosiped-marin-four-corners-2020-IDLssRO.html
"Топовый велосипед Canyon R096 RoadLite SL гравел, шоссейный urban",29 236 грн.,Б/у,2021-12-30,Ирпень,,"50.51752, 30.2593",Артём,,https://www.olx.ua/d/obyavlenie/topovyy-velosiped-canyon-r096-roadlite-sl-gravel-shosseynyy-urban-IDNLz31.html
Гравийний grevel гравел Хромоль ! GRX ! Brooks ! Marin Cube Giant Trek,32 500 грн.,Б/у,2021-07-10,Тернополь,,"49.56069, 25.61132",хххРОМАххх,,https://www.olx.ua/d/obyavlenie/graviyniy-grevel-gravel-hromol-grx-brooks-marin-cube-giant-trek-IDM9ayf.html
SCOTT Contessa Speedster Gravel 25 (2021) (рама М),33 961 грн.,Б/у,2022-05-01,Гатное,,"50.36166, 30.39784",Виктория,,https://www.olx.ua/d/obyavlenie/scott-contessa-speedster-gravel-25-2021-rama-m-IDOvfOu.html
Гравел Serious Grafix 2017 Cube Scott Trek Giant Specialized Canyon GT,23 329 грн.,Б/у,2021-09-19,Киев,Днепровский,"50.45964, 30.61717",Веломан,ВЕЛОМАН,https://www.olx.ua/d/obyavlenie/gravel-serious-grafix-2017cube-scott-trek-giant-specialized-canyon-gt-IDMMInI.html
"Gavia Randonneur CycloCross/Gravel
Shimano Tiagra 2*10 sp 4700",23 380 грн.,Б/у,2021-08-19,Киев,Печерский,"50.41847, 30.54521",Иван,VeloStok,https://www.olx.ua/d/obyavlenie/gavia-randonneur-cyclocross-gravelshimano-tiagra-210-sp-4700-IDMugWM.html
Pride rocx tour dirt 2019 (L- XL),23 499 грн.,Б/у,2022-01-01,Киев,Дарницкий,"50.40931, 30.69263",Руслан,,https://www.olx.ua/d/obyavlenie/pride-rocx-tour-dirt-2019-l-xl-IDNM4ZP.html
гравел Focus ax mares,23 625 грн.,Б/у,2022-05-09,Харьков,Основянский,"49.928, 36.22",Андрей,,https://www.olx.ua/d/obyavlenie/gravel-focus-ax-mares-IDOzT4H.html
Велосипед SRAM RiVAL,23 696 грн.,Б/у,2021-12-05,Новая Каховка,,"46.75153, 33.36782",Дмитрий,,https://www.olx.ua/d/obyavlenie/velosiped-sram-rival-IDNxkIE.html
"Велосипед Trek Checkpoint AL3 2020 ( Gravel, Гревел, Гравійник )",23 900 грн.,Б/у,2022-05-01,Ровно,,"50.61634, 26.257",Pasha,,https://www.olx.ua/d/obyavlenie/velosiped-trek-checkpoint-al3-2020-gravel-grevel-gravynik-IDOvzb3.html
Велосипед Cannondale Synapse gravel шосейник shimano sora 51 s m 2021,24 000 грн.,Б/у,2022-05-22,Киев,Днепровский,"50.45964, 30.61717",Владислав,,https://www.olx.ua/d/obyavlenie/velosiped-cannondale-synapse-gravel-shoseynik-shimano-sora-51-s-m-2021-IDOGfKe.html
"Гравел CUBE NUROAD PRO FE (2021)Carbon/Tiagra,велосипед Gravel",24 200 грн.,Б/у,2022-05-22,Каменка-Бугская,,"50.09947, 24.34957",Олег,ВелоДруг,https://www.olx.ua/d/obyavlenie/gravel-cube-nuroad-pro-fe-2021carbon-tiagra-velosiped-gravel-IDOGhQ2.html
Gravel/Endurance кроссовый велосипед Btwin Triban RC 520,24 215 грн.,Б/у,2021-01-10,Харьков,Шевченковский,"50.045, 36.221",Сергей,Best Bikes. Продажа велос...,https://www.olx.ua/d/obyavlenie/gravel-endurance-krossovyy-velosiped-btwin-triban-rc-520-IDKm8t3.html
"Gravel/Endurance велосипед Btwin Triban RC 520 XS, M, L, XL",24 215 грн.,Б/у,2021-04-26,Харьков,Шевченковский,"50.045, 36.221",Сергей,Best Bikes. Продажа велос...,https://www.olx.ua/d/obyavlenie/gravel-endurance-velosiped-btwin-triban-rc-520-xs-m-l-xl-IDLsx78.html
Новий карбоновий велосипед гревел  Twitter Gravel.,34 000 грн.,Новый,2021-08-14,Киев,Подольский,"50.49575, 30.43854",Виталий,,https://www.olx.ua/d/obyavlenie/noviy-karbonoviy-velosiped-grevel-twitter-gravel-IDMrRRs.html
електро гравел ebike Orbea Gain 2020 Gravel GRX cube trek specialized,51 679 грн.,Б/у,2021-10-20,Ужгород,,"48.61981, 22.29811",юра,VELOMAN,https://www.olx.ua/d/obyavlenie/elektro-gravel-ebike-orbea-gain-2020-gravel-grx-cube-trek-specialized-IDN54F0.html
Corratec  Gravel (2020)  Trek cube Sram Rival 1 елекро гравел scott,57 000 грн.,Б/у,2022-04-18,Ивано-Франковск,,"48.91819, 24.71343",Ua ' If,,https://www.olx.ua/d/obyavlenie/corratec-gravel-2020-trek-cube-sram-rival-1-elekro-gravel-scott-IDOroFL.html
"Гревел, гравійник, BULLS, гравел",24 215 грн.,Б/у,2021-11-05,Черновцы,,"48.3, 25.93",Bike Center CV,Bike Center CV,https://www.olx.ua/d/obyavlenie/grevel-gravynik-bulls-gravel-IDNeh02.html
Gravel/туринговый велосипед Fuji TOURING Disc LTD 2020,24 363 грн.,Б/у,2020-11-13,Харьков,Шевченковский,"50.045, 36.221",Сергей,Best Bikes. Продажа велос...,https://www.olx.ua/d/obyavlenie/gravel-turingovyy-velosiped-fuji-touring-disc-ltd-2020-IDJOh3N.html
Triban RC 520  XL,24 700 грн.,Б/у,2022-01-24,Галич,,"49.11, 24.73",Михаил,velogarage,https://www.olx.ua/d/obyavlenie/triban-rc-520-xl-IDNXM1N.html
"Велосипед гравійний, циклокрос Merida 500, Shimano 105, size XL",24 750 грн.,Б/у,2021-12-26,Ивано-Франковск,,"48.91819, 24.71343",Ярослав,Urban Bike Club,https://www.olx.ua/d/obyavlenie/velosiped-gravyniy-tsiklokros-merida-500-shimano-105-size-xl-IDNJOXV.html
Scott spark 30 carbon,24 999 грн.,Б/у,2022-05-15,Сумы,,"50.9074, 34.80236",Lelik,,https://www.olx.ua/d/obyavlenie/scott-spark-30-carbon-IDOCrBO.html
Велосипед Serious gravel,25 000 грн.,Б/у,2022-03-20,Винница,Замостянский,"49.248, 28.519",VK,,https://www.olx.ua/d/obyavlenie/velosiped-serious-gravel-IDOiOhj.html
"Trek 2019 Checkpoint ALR 4, рама 54",25 000 грн.,Б/у,2022-05-31,Киев,Дарницкий,"50.40931, 30.69263",Руслан,,https://www.olx.ua/d/obyavlenie/trek-2019-checkpoint-alr-4-rama-54-IDOL0dh.html
"Pride Rocx 8.3 M (gravel, гревел, гравийник)",25 101 грн.,Б/у,2021-11-09,Одесса,Приморский,"46.467, 30.745",Паша,,https://www.olx.ua/d/obyavlenie/pride-rocx-8-3-m-gravel-grevel-graviynik-IDNglKt.html
Велосипед Marin Four Corners gravel гравийный cube trek scott speciali,25 101 грн.,Б/у,2021-08-19,Киев,Дарницкий,"50.40931, 30.69263",ЄвроБайк,Euro.bike,https://www.olx.ua/d/obyavlenie/velosiped-marin-four-corners-gravel-graviynyy-cube-trek-scott-speciali-IDMuB7u.html
Туринг гравийный велосипед KTM Strada Glorious гравел из Германии,25 200 грн.,Б/у,2022-05-24,Ирпень,,"50.51752, 30.2593",Артём,,https://www.olx.ua/d/obyavlenie/turing-graviynyy-velosiped-ktm-strada-glorious-gravel-iz-germanii-IDOHkul.html
Велосипед Циклокрос Гравел Rose BackRoab карбон,67 000 грн.,Б/у,2022-05-23,Черновцы,,"48.3, 25.93",Василь,,https://www.olx.ua/d/obyavlenie/velosiped-tsiklokros-gravel-rose-backroab-karbon-IDOGTMm.html
"Велосипед Merida Silex 6000 (2021) metallic teal / Gravel, гревел",80 000 грн.,Новый,2022-05-19,Киев,Шевченковский,"50.47135, 30.4624",Богдан,ТОВ «Аш Бі Медікал»,https://www.olx.ua/d/obyavlenie/velosiped-merida-silex-6000-2021-metallic-teal-gravel-grevel-IDOEFte.html
29x3.0 Salsa Fargo Custom гравийный монстеркросс гравел гравийник,99 999 грн.,Б/у,2022-04-09,Хмельницкий,,"49.40611, 27.0045",Продавец,,https://www.olx.ua/d/obyavlenie/29x3-0-salsa-fargo-custom-graviynyy-monsterkross-gravel-graviynik-IDOnYZP.html
Циклокросс RA-CO INTEC F10 Disc 2021г.Гравел hr-mo туринг,25 877 грн.,Б/у,2021-09-10,Киев,Днепровский,"50.45964, 30.61717",Игорь,Shara Velo,https://www.olx.ua/d/obyavlenie/tsiklokross-ra-co-intec-f10-disc-2021g-gravel-hr-mo-turing-IDMH3kg.html
"Monstercross, гревел, gravel Genesis Vagabond 29 Chromoly (XL, 52 см)",25 900 грн.,Б/у,2022-04-30,Черновцы,,"48.3, 25.93",fahrrad,,https://www.olx.ua/d/obyavlenie/monstercross-grevel-gravel-genesis-vagabond-29-chromoly-xl-52-sm-IDOwLQK.html
Gravel/Endurance велосипед Merida Mission CX 400,25 987 грн.,Б/у,2021-09-02,Харьков,Шевченковский,"50.045, 36.221",Сергей,Best Bikes. Продажа велос...,https://www.olx.ua/d/obyavlenie/gravel-endurance-velosiped-merida-mission-cx-400-IDMCi0K.html
"Гревел, гравійник, Cube Nuroad, гравел, розмір S",25 987 грн.,Б/у,2021-11-19,Черновцы,,"48.3, 25.93",Bike Center CV,Bike Center CV,https://www.olx.ua/d/obyavlenie/grevel-gravynik-cube-nuroad-gravel-rozmr-s-IDNmQva.html
Велосипед двухподвес Specialized S-Works Epic Carbon 2008,26 000 грн.,Б/у,2021-08-28,Одесса,Приморский,"46.467, 30.745",Александр,,https://www.olx.ua/d/obyavlenie/velosiped-dvuhpodves-specialized-s-works-epic-carbon-2008-IDMzkHV.html
Scott Specialized Cube Canon,26 000 грн.,Б/у,2022-05-30,Ивано-Франковск,,"48.91819, 24.71343",Юрій,,https://www.olx.ua/d/obyavlenie/scott-specialized-cube-canon-IDOKvhx.html
Велосипед  Speedster Scott Syncros шосейний,26 000 грн.,Б/у,2022-06-01,Львов,Галицкий,"49.83524, 24.03517",Олег,,https://www.olx.ua/d/obyavlenie/velosiped-speedster-scott-syncros-shoseyniy-IDOLT9E.html
Велосипед Гравел SERIOUS GRAFIX COMP Gravel White (2020),26 200 грн.,Б/у,2022-05-13,Черновцы,,"48.3, 25.93",Ігор,ROWEROK,https://www.olx.ua/d/obyavlenie/velosiped-gravel-serious-grafix-comp-gravel-white-2020-IDOBEM7.html
Gravel/туринговый велосипед Fuji TOURING Disc LT,26 900 грн.,Б/у,2022-06-02,Черновцы,,"48.3, 25.93",Вело Світ,VeloSvit,https://www.olx.ua/d/obyavlenie/gravel-turingovyy-velosiped-fuji-touring-disc-lt-IDOMcZX.html
"Баварец Cube SL Cross Road Pro Disc, Gravel Гревел на SLX/Tiagra",27 750 грн.,Б/у,2022-04-18,Одесса,Киевский,"46.38471, 30.70913",Владимир,,https://www.olx.ua/d/obyavlenie/bavarets-cube-sl-cross-road-pro-disc-gravel-grevel-na-slx-tiagra-IDOrqas.html
Велосипед алюм гревел Crosser Gravel NORD 28 Trek GT гравел циклокросс,8 990 грн.,Новый,2021-06-02,Днепр,Центральный,"48.463, 35.02387",Велобокс,ВЕЛОБОКС,https://www.olx.ua/d/obyavlenie/velosiped-alyum-grevel-crosser-gravel-nord-28-trek-gt-gravel-tsiklokross-IDLNTAv.html
"Велосипед циклокросс гравийник, gravel, cx, merida",16 000 грн.,Б/у,2022-02-03,Луганск,Жовтневый,"48.574, 39.308",Кирилл,,https://www.olx.ua/d/obyavlenie/velosiped-tsiklokross-graviynik-gravel-cx-merida-IDO4aj6.html
Гравел DeMaRCHE Stone,17 500 грн.,Новый,2022-05-28,Одесса,Малиновский,"46.46309, 30.67813",Юрий,,https://www.olx.ua/d/obyavlenie/gravel-demarche-stone-IDOJxp9.html
"Gravel/Циклокросс White GX Pro 20
2020 Shimano GRX RX400 2*10 sp",27 804 грн.,Б/у,2022-02-20,Днепр,Индустриальный,"48.51431, 35.07339",Иван,VeloStok,https://www.olx.ua/d/obyavlenie/gravel-tsiklokross-white-gx-pro-202020-shimano-grx-rx400-210-sp-IDOe7pK.html
"gravel, гравійник Guerciotti Gieten",28 000 грн.,Невідомо,2020-11-29,Черновцы,,"48.3, 25.93",Степан,,https://www.olx.ua/d/obyavlenie/gravel-gravynik-guerciotti-gieten-IDJYOwy.html
Турінг Trek 2020 520 Disc. Cube Scott Giant Specialized Canyon Gravel,28 054 грн.,Б/у,2021-03-25,Киев,Днепровский,"50.45964, 30.61717",Веломан,ВЕЛОМАН,https://www.olx.ua/d/obyavlenie/turng-trek-2020-520-disc-cube-scott-giant-specialized-canyon-gravel-IDL61UW.html
АКЦИЯ! Гравийник Stevens Gavere (2020) Shimano GRX циклокросс гравел,28 054 грн.,Б/у,2022-04-13,Одесса,Киевский,"46.38471, 30.70913",Богдан,Velosecondlife продажа бр...,https://www.olx.ua/d/obyavlenie/aktsiya-graviynik-stevens-gavere-2020-shimano-grx-tsiklokross-gravel-IDOpzQX.html
велосипед Kona Sutra 2021 хромолевий туринг гравел розмір 52 (160-178),28 200 грн.,Б/у,2022-05-09,Киев,Печерский,"50.41847, 30.54521",Богдан,,https://www.olx.ua/d/obyavlenie/velosiped-kona-sutra-2021-hromoleviy-turing-gravel-rozmr-52-160-178-IDOzDgP.html
Гравел Merida Cyclocross 600 (2018) Sram Apex 11s Гидравлика !,28 350 грн.,Б/у,2021-11-07,Одесса,Киевский,"46.38471, 30.70913",Богдан,Velosecondlife продажа бр...,https://www.olx.ua/d/obyavlenie/gravel-merida-cyclocross-600-2018-sram-apex-11s-gidravlika-IDNf6R7.html
Gravel/Endurance кроссовый велосипед Scott Speedster 20 Disc,28 940 грн.,Б/у,2019-01-20,Харьков,Шевченковский,"50.045, 36.221",Сергей,Best Bikes. Продажа велос...,https://www.olx.ua/d/obyavlenie/gravel-endurance-krossovyy-velosiped-scott-speedster-20-disc-IDD1loP.html
Велосипед гревел монстеркросс туринг карбон gravel carbon Simplon 9кг,29 000 грн.,Б/у,2021-05-30,Львов,Франковский,"49.839, 23.995",Петро,,https://www.olx.ua/d/obyavlenie/velosiped-grevel-monsterkross-turing-karbon-gravel-carbon-simplon-9kg-IDLMbzO.html
Двухподвес Specialized Big Hit FSR 07',29 000 грн.,Б/у,2022-05-25,Кропивницкий,Фортечный,"48.5205, 32.22902",Юля Бойко,,https://www.olx.ua/d/obyavlenie/dvuhpodves-specialized-big-hit-fsr-07-IDOHL1f.html
Шоссейный Endurance велосипед Cube Attain Race Disc 2017,29 088 грн.,Б/у,2021-12-25,Харьков,Шевченковский,"50.045, 36.221",Сергей,Best Bikes. Продажа велос...,https://www.olx.ua/d/obyavlenie/shosseynyy-endurance-velosiped-cube-attain-race-disc-2017-IDNJ0Ly.html
"Gravel Giant Toughtroad гревел, туринг",19 500 грн.,Б/у,2022-05-29,Сумы,,"50.9074, 34.80236",Роман,,https://www.olx.ua/d/obyavlenie/gravel-giant-toughtroad-grevel-turing-IDOJVEH.html
Туринг Bulls Daily гравел циклокрос из Германии (как новый),20 967 грн.,Б/у,2021-12-19,Ирпень,,"50.51752, 30.2593",Артём,,https://www.olx.ua/d/obyavlenie/turing-bulls-daily-gravel-tsiklokros-iz-germanii-kak-novyy-IDNFHWW.html
Велосипед Gravel Cube Nuroad Pro 56 на осях rondo cannondale merida,28 700 грн.,Б/у,2022-05-31,Запорожье,Хортицкий,"47.815, 35.052",Александр,веломагазин ВеЛас,https://www.olx.ua/d/obyavlenie/velosiped-gravel-cube-nuroad-pro-56-na-osyah-rondo-cannondale-merida-IDOL4YB.html
"Велосипед gravel гравел Kube Nuroad PRO 2021 (XS, 50 см)",29 200 грн.,Б/у,2022-04-28,Черновцы,,"48.3, 25.93",fahrrad,,https://www.olx.ua/d/obyavlenie/velosiped-gravel-gravel-kube-nuroad-pro-2021-xs-50-sm-IDOw2DO.html
"Топовый велосипед Canyon R096 RoadLite SL гравел, шоссейный urban",29 236 грн.,Б/у,2021-12-30,Ирпень,,"50.51752, 30.2593",Артём,,https://www.olx.ua/d/obyavlenie/topovyy-velosiped-canyon-r096-roadlite-sl-gravel-shosseynyy-urban-IDNLz31.html
"Bombtrack Beyond 1 Gravel/Туринг 2019 S 27.5"" Cro-mo Sram 2*10sp / TRP",29 383 грн.,Б/у,2021-04-30,Днепр,Индустриальный,"48.51431, 35.07339",Иван,VeloStok,https://www.olx.ua/d/obyavlenie/bombtrack-beyond-1-gravel-turing-2019-s-27-5-cro-mo-sram-210sp-trp-IDLuAaH.html
"Крафтовий туринг/гравел Cr-Mo велосипед, Size 60см, 2022",29 500 грн.,Б/у,2022-05-15,Ивано-Франковск,,"48.91819, 24.71343",Urban Bike Club,Urban Bike Club,https://www.olx.ua/d/obyavlenie/kraftoviy-turing-gravel-cr-mo-velosiped-size-60sm-2022-IDOCq3s.html
Велосипед Гравел CUBE NUROAD PRO FE (2021),29 999 грн.,Б/у,2022-05-29,Черновцы,,"48.3, 25.93",Ігор,ROWEROK,https://www.olx.ua/d/obyavlenie/velosiped-gravel-cube-nuroad-pro-fe-2021-IDOJAS9.html
Гравел Cannondale caad 12 2017 /shimsno 105/гідравліка,30 000 грн.,Б/у,2021-12-02,Самбор,,"49.52071, 23.20655",Андрій,VELO prigon,https://www.olx.ua/d/obyavlenie/gravel-cannondale-caad-12-2017-shimsno-105-gdravlka-IDNw2MX.html
Гравел на базі рами Cyclone gsx,30 000 грн.,Б/у,2022-04-18,Львов,Сиховский,"49.792, 24.064",Віктор,,https://www.olx.ua/d/obyavlenie/gravel-na-baz-rami-cyclone-gsx-IDOraEi.html
Гравийный велосипед Gravel SERIOUS Grafit COMP!ВІЙСЬКОВИМ ЗНИЖКА!,30 900 грн.,Б/у,2022-01-15,Киев,Голосеевский,"50.35684, 30.51985",Александр,ROWER LIFE,https://www.olx.ua/d/obyavlenie/graviynyy-velosiped-gravel-serious-grafit-comp-vyskovim-znizhka-IDNSR3h.html
Гравійний велосипед Cannondale Topstone новий gravel specialized cube,31 000 грн.,Б/у,2022-05-27,Киев,Печерский,"50.41847, 30.54521",ЄвроБайк,Euro.bike,https://www.olx.ua/d/obyavlenie/gravyniy-velosiped-cannondale-topstone-noviy-gravel-specialized-cube-IDOIyQu.html
Гравійник Trek Checkpoint ALR 5 (2020 р.),31 303 грн.,Б/у,2022-05-15,Черновцы,,"48.3, 25.93",Юра,,https://www.olx.ua/d/obyavlenie/gravynik-trek-checkpoint-alr-5-2020-r-IDOCpiR.html
SCOTT Contessa Speedster Gravel 25 (2021) (рама М),33 961 грн.,Б/у,2022-05-01,Гатное,,"50.36166, 30.39784",Виктория,,https://www.olx.ua/d/obyavlenie/scott-contessa-speedster-gravel-25-2021-rama-m-IDOvfOu.html
"Продам велосипед шоссейный (gravel, гравийный) Cube Nuroad Race",35 000 грн.,Б/у,2022-05-30,Кременчуг,,"49.10325, 33.43006",Владимир,,https://www.olx.ua/d/obyavlenie/prodam-velosiped-shosseynyy-gravel-graviynyy-cube-nuroad-race-IDOKici.html
"Циклокросс Canyon Inflite AL 9.0 p.XL (gravel,гравел,грейвл,гравийник)",37 652 грн.,Б/у,2022-03-20,Ивано-Франковск,,"48.91819, 24.71343",VeloPark,,https://www.olx.ua/d/obyavlenie/tsiklokross-canyon-inflite-al-9-0-p-xl-gravel-gravel-greyvl-graviynik-IDOiONj.html
Гравійний велосипед Gravel CUBE NUROAD WS 2021 (ЯК НОВИЙ),32 200 грн.,Б/у,2022-05-24,Черновцы,,"48.3, 25.93",Ігор,ROWEROK,https://www.olx.ua/d/obyavlenie/gravyniy-velosiped-gravel-cube-nuroad-ws-2021-yak-noviy-IDOHmG0.html
Гревел CUBE NUROAD WS 2021. Scott Trek Giant Specialized Canyon BMC GT,32 300 грн.,Б/у,2022-04-25,Киев,Дарницкий,"50.40931, 30.69263",Веломан,ВЕЛОМАН,https://www.olx.ua/d/obyavlenie/grevel-cube-nuroad-ws-2021-scott-trek-giant-specialized-canyon-bmc-gt-IDOtPhe.html
Велосипед Gravel Triban 520 циклокросс cube trek scott diverge,32 484 грн.,Б/у,2021-07-28,Киев,Дарницкий,"50.40931, 30.69263",ЄвроБайк,Euro.bike,https://www.olx.ua/d/obyavlenie/velosiped-gravel-triban-520-tsiklokross-cube-trek-scott-diverge-IDMifhu.html
Велосипед gravel shimano grx,32 484 грн.,Б/у,2021-08-28,Винница,Ленинский,"49.227, 28.423",Олег,BikeOlsher,https://www.olx.ua/d/obyavlenie/velosiped-gravel-shimano-grx-IDMzL3m.html
Гравел Bulls Daily Grinder 2 (2021) Shimano GRX КАК НОВЫЙ!,32 484 грн.,Б/у,2021-11-07,Одесса,Киевский,"46.38471, 30.70913",Богдан,Velosecondlife продажа бр...,https://www.olx.ua/d/obyavlenie/gravel-bulls-daily-grinder-2-2021-shimano-grx-kak-novyy-IDNf8ft.html
"Велосипед циклокрос, гравел, туринг Veloheld, made in Germany",32 484 грн.,Б/у,2021-11-21,Ивано-Франковск,,"48.91819, 24.71343",Володимир,,https://www.olx.ua/d/obyavlenie/velosiped-tsiklokros-gravel-turing-veloheld-made-in-germany-IDNnL0C.html
НОВЫЙ!ДОКУМЕНТЫ! Гравел Author Ronin 58 XL(2020) Shimano GRX,32 484 грн.,Новый,2021-11-06,Одесса,Киевский,"46.38471, 30.70913",Богдан,Velosecondlife продажа бр...,https://www.olx.ua/d/obyavlenie/novyy-dokumenty-gravel-author-ronin-58-xl2020-shimano-grx-IDNeEXf.html
Велосипед гравел Stevens Supreme (2021) Shimano GRX Супер предложение!,32 484 грн.,Б/у,2021-11-07,Одесса,Киевский,"46.38471, 30.70913",Богдан,Velosecondlife продажа бр...,https://www.olx.ua/d/obyavlenie/velosiped-gravel-stevens-supreme-2021-shimano-grx-super-predlozhenie-IDNf8Ib.html
Гравийний grevel гравел Хромоль ! GRX ! Brooks ! Marin Cube Giant Trek,32 500 грн.,Б/у,2021-07-10,Тернополь,,"49.56069, 25.61132",хххРОМАххх,,https://www.olx.ua/d/obyavlenie/graviyniy-grevel-gravel-hromol-grx-brooks-marin-cube-giant-trek-IDM9ayf.html
"Гравийный велосипед Trek CheckPoint AL 3 (2021) (#Merida, #Cannondale)",32 500 грн.,Б/у,2022-05-28,Киев,Соломенский,"50.41313, 30.44339",not guilty,,https://www.olx.ua/d/obyavlenie/graviynyy-velosiped-trek-checkpoint-al-3-2021-merida-cannondale-IDOJmvF.html
Гравел Stevens Gavere GRX гравийный велосипед циклокросс из Германии,37 900 грн.,Б/у,2022-02-03,Ирпень,,"50.51752, 30.2593",Артём,,https://www.olx.ua/d/obyavlenie/gravel-stevens-gavere-grx-graviynyy-velosiped-tsiklokross-iz-germanii-IDO436D.html
електро гравел ebike Orbea Gain 2020 Gravel GRX cube trek specialized,51 679 грн.,Б/у,2021-10-20,Ужгород,,"48.61981, 22.29811",юра,VELOMAN,https://www.olx.ua/d/obyavlenie/elektro-gravel-ebike-orbea-gain-2020-gravel-grx-cube-trek-specialized-IDN54F0.html
Corratec  Gravel (2020)  Trek cube Sram Rival 1 елекро гравел scott,57 000 грн.,Б/у,2022-04-18,Ивано-Франковск,,"48.91819, 24.71343",Ua ' If,,https://www.olx.ua/d/obyavlenie/corratec-gravel-2020-trek-cube-sram-rival-1-elekro-gravel-scott-IDOroFL.html
Велосипед Gravel Cube Cross Race,33 000 грн.,Б/у,2021-09-19,Черновцы,,"48.3, 25.93",vs_bike_cv,,https://www.olx.ua/d/obyavlenie/velosiped-gravel-cube-cross-race-IDMM4or.html
scott speedster gravel 40 2021,33 000 грн.,Б/у,2022-01-07,Винница,Ленинский,"49.227, 28.423",Андрей,,https://www.olx.ua/d/obyavlenie/scott-speedster-gravel-40-2021-IDNOAfS.html
Gravel/Endurance велосипед C14 Cross Comp,33 075 грн.,Б/у,2021-04-26,Харьков,Шевченковский,"50.045, 36.221",Сергей,Best Bikes. Продажа велос...,https://www.olx.ua/d/obyavlenie/gravel-endurance-velosiped-c14-cross-comp-IDLsuBM.html
Gravel туринг Genesis cro mo reynolds 725 XL Salsa Surly Pride Rondo,33 075 грн.,Б/у,2021-09-26,Киев,Днепровский,"50.45964, 30.61717",Александр,,https://www.olx.ua/d/obyavlenie/gravel-turing-genesis-cro-mo-reynolds-725-xl-salsa-surly-pride-rondo-IDMR8mz.html
Cross/Gravel велосипед Cube Cross Race Disc Pro,33 222 грн.,Б/у,2021-12-25,Харьков,Шевченковский,"50.045, 36.221",Сергей,Best Bikes. Продажа велос...,https://www.olx.ua/d/obyavlenie/cross-gravel-velosiped-cube-cross-race-disc-pro-IDNIZMq.html
"Гравийный велосипед Polygon Bend R2 27.5"" Новый (Индонезия)",33 286 грн.,Новый,2020-11-23,Винница,Ленинский,"49.227, 28.423",Ярослав,,https://www.olx.ua/d/obyavlenie/graviynyy-velosiped-polygon-bend-r2-27-5-novyy-indoneziya-IDJUUe3.html
Циклокроссовый Gravel/Endurance велосипед Merida Cyclocross 600 2018,33 961 грн.,Б/у,2019-12-09,Харьков,Шевченковский,"50.045, 36.221",Сергей,Best Bikes. Продажа велос...,https://www.olx.ua/d/obyavlenie/tsiklokrossovyy-gravel-endurance-velosiped-merida-cyclocross-600-2018-IDGnC8s.html
Гравел Serious Grafix 2021 Tiagra Trek Scott GT Cube Merida,33 961 грн.,Б/у,2021-10-04,Киев,Дарницкий,"50.40931, 30.69263",Веломан,ВЕЛОМАН,https://www.olx.ua/d/obyavlenie/gravel-serious-grafix-2021-tiagra-trek-scott-gt-cube-merida-IDMWxuO.html
Гравел Bergamont Grandurance 2021 cube trek merida rondo scott gt,33 961 грн.,Б/у,2021-11-04,Киев,Дарницкий,"50.40931, 30.69263",ЄвроБайк,Euro.bike,https://www.olx.ua/d/obyavlenie/gravel-bergamont-grandurance-2021-cube-trek-merida-rondo-scott-gt-IDNdtf0.html
"Велосипед алюминий гревел  Crosser Gravel NORD 28"" Giant гравел гревэл",8 990 грн.,Новый,2021-05-31,Одесса,Киевский,"46.38471, 30.70913",Велобокс,ВЕЛОБОКС,https://www.olx.ua/d/obyavlenie/velosiped-alyuminiy-grevel-crosser-gravel-nord-28-giant-gravel-grevel-IDLMQQw.html
Велосипед алюм гревел Crosser Gravel NORD 28 Trek GT гравел циклокросс,8 990 грн.,Новый,2021-06-02,Днепр,Центральный,"48.463, 35.02387",Велобокс,ВЕЛОБОКС,https://www.olx.ua/d/obyavlenie/velosiped-alyum-grevel-crosser-gravel-nord-28-trek-gt-gravel-tsiklokross-IDLNTAv.html
"Гравел велосипед Crosser Nord  28""",9 000 грн.,Новый,2021-04-28,Одесса,Киевский,"46.38471, 30.70913",Артур,А-ВЕЛО,https://www.olx.ua/d/obyavlenie/gravel-velosiped-crosser-nord-28-IDLtCMo.html
Cannondale CAAD X 2015 Циклокросс Гревел Gravel Велосипед 58 рост,33 961 грн.,Б/у,2022-05-26,Киев,Шевченковский,"50.47135, 30.4624",Алексей,,https://www.olx.ua/d/obyavlenie/cannondale-caad-x-2015-tsiklokross-grevel-gravel-velosiped-58-rost-IDOI9NS.html
Циклокроссовый Gravel/Endurance велосипед Merida Cyclocross 600 2018,33 961 грн.,Б/у,2019-12-09,Харьков,Шевченковский,"50.045, 36.221",Сергей,Best Bikes. Продажа велос...,https://www.olx.ua/d/obyavlenie/tsiklokrossovyy-gravel-endurance-velosiped-merida-cyclocross-600-2018-IDGnC8s.html
Gravel/Endurance циклокроссовый велосипед Bianchi Allroad 105,33 961 грн.,Б/у,2021-12-25,Харьков,Шевченковский,"50.045, 36.221",Сергей,Best Bikes. Продажа велос...,https://www.olx.ua/d/obyavlenie/gravel-endurance-tsiklokrossovyy-velosiped-bianchi-allroad-105-IDNIZu2.html
Гревл / Туринг Cube Nuroad Race FE  (2020),33 961 грн.,Б/у,2022-02-03,Черновцы,,"48.3, 25.93",Юра,,https://www.olx.ua/d/obyavlenie/grevl-turing-cube-nuroad-race-fe-2020-IDO43Rg.html
Гравел Cube Nuroad Race HPA (2020) Shimano GRX 11S Супер цена!,33 961 грн.,Б/у,2022-04-13,Одесса,Киевский,"46.38471, 30.70913",Богдан,Velosecondlife продажа бр...,https://www.olx.ua/d/obyavlenie/gravel-cube-nuroad-race-hpa-2020-shimano-grx-11s-super-tsena-IDOpAmb.html
Велосипед Carbon Cyclocross Gravel SRAM Red  Apex CX,33 999 грн.,Б/у,2022-04-12,Тернополь,,"49.56069, 25.61132",Alex,,https://www.olx.ua/d/obyavlenie/velosiped-carbon-cyclocross-gravel-sram-red-apex-cx-IDOoXR2.html
Новий карбоновий велосипед гревел  Twitter Gravel.,34 000 грн.,Новый,2021-08-14,Киев,Подольский,"50.49575, 30.43854",Виталий,,https://www.olx.ua/d/obyavlenie/noviy-karbonoviy-velosiped-grevel-twitter-gravel-IDMrRRs.html
"Гравійний велосипед Cube Cross Race SL, Ultegra, size 56см",34 000 грн.,Б/у,2022-04-10,Ивано-Франковск,,"48.91819, 24.71343",Urban Bike Club,Urban Bike Club,https://www.olx.ua/d/obyavlenie/gravyniy-velosiped-cube-cross-race-sl-ultegra-size-56sm-IDOorbO.html
Jamis Dakar A1 Двухподвес Рама L 27.5 колеса,34 000 грн.,Б/у,2022-05-28,Ковель,,"51.20566, 24.71296",Сергій,,https://www.olx.ua/d/obyavlenie/jamis-dakar-a1-dvuhpodves-rama-l-27-5-kolesa-IDOJgB7.html
Gravel велосипед Bergamont Grandurance 7,34 699 грн.,Б/у,2021-04-26,Харьков,Шевченковский,"50.045, 36.221",Сергей,Best Bikes. Продажа велос...,https://www.olx.ua/d/obyavlenie/gravel-velosiped-bergamont-grandurance-7-IDLssmI.html
Гравел DeMaRCHE Stone,17 500 грн.,Новый,2022-05-28,Одесса,Малиновский,"46.46309, 30.67813",Юрий,,https://www.olx.ua/d/obyavlenie/gravel-demarche-stone-IDOJxp9.html
Туринг Bulls Daily гравел циклокрос из Германии (как новый),20 967 грн.,Б/у,2021-12-19,Ирпень,,"50.51752, 30.2593",Артём,,https://www.olx.ua/d/obyavlenie/turing-bulls-daily-gravel-tsiklokros-iz-germanii-kak-novyy-IDNFHWW.html
Велосипед Gravel Cube Nuroad Pro 56 на осях rondo cannondale merida,28 700 грн.,Б/у,2022-05-31,Запорожье,Хортицкий,"47.815, 35.052",Александр,веломагазин ВеЛас,https://www.olx.ua/d/obyavlenie/velosiped-gravel-cube-nuroad-pro-56-na-osyah-rondo-cannondale-merida-IDOL4YB.html
Велосипед гравел Cube Nuroad specialized cannondale merida canyon trek,34 800 грн.,Б/у,2022-03-17,Киев,Днепровский,"50.45964, 30.61717",ЄвроБайк,Euro.bike,https://www.olx.ua/d/obyavlenie/velosiped-gravel-cube-nuroad-specialized-cannondale-merida-canyon-trek-IDOidiJ.html
Велосипед шоссейный гравийный гревел спортивны gravel cube Nuroad 2021,34 899 грн.,Б/у,2021-07-07,Киев,Шевченковский,"50.47135, 30.4624",Руслан,Товары для активного обра...,https://www.olx.ua/d/obyavlenie/velosiped-shosseynyy-graviynyy-grevel-sportivny-gravel-cube-nuroad-2021-IDM7mui.html
Туринг Гревел Pride Rocx Tour LT не Cube Trek Scott Specialized Merida,34 999 грн.,Б/у,2022-04-21,Люботин,,"49.95111, 35.94075",Евгений,,https://www.olx.ua/d/obyavlenie/turing-grevel-pride-rocx-tour-lt-ne-cube-trek-scott-specialized-merida-IDOsBCa.html
Велосипед шоссе гревел gravel Wilier Tiestina Jareen 105 shimano M 54,35 000 грн.,Б/у,2022-02-21,Вишневое,,"50.38803, 30.37538",Роман,,https://www.olx.ua/d/obyavlenie/velosiped-shosse-grevel-gravel-wilier-tiestina-jareen-105-shimano-m-54-IDOeVGz.html
"Продам велосипед шоссейный (gravel, гравийный) Cube Nuroad Race",35 000 грн.,Б/у,2022-05-30,Кременчуг,,"49.10325, 33.43006",Владимир,,https://www.olx.ua/d/obyavlenie/prodam-velosiped-shosseynyy-gravel-graviynyy-cube-nuroad-race-IDOKici.html
"Trek Domane Al 5. ендуранс, гравел",35 142 грн.,Б/у,2022-01-18,Одесса,Киевский,"46.38471, 30.70913",Руслан,velomedutin,https://www.olx.ua/d/obyavlenie/trek-domane-al-5-endurans-gravel-IDNUuIA.html
Cinelli Zudeco  Gravel 2020 Cube Trek Giant Specialized,35 437 грн.,Б/у,2021-12-25,Коломыя,,"48.53, 25.04",Kolya,,https://www.olx.ua/d/obyavlenie/cinelli-zudeco-gravel-2020-cube-trek-giant-specialized-IDNJ2Cg.html
"Велосипед gravel гравел Omnium CXC Sram Apex, Rival (53 cm.) Хромуль",35 600 грн.,Б/у,2022-05-07,Черновцы,,"48.3, 25.93",fahrrad,,https://www.olx.ua/d/obyavlenie/velosiped-gravel-gravel-omnium-cxc-sram-apex-rival-53-cm-hromul-IDOz2uP.html
Гравел Trek checkpoint alr4 2021,36 000 грн.,Б/у,2022-01-29,Киев,Святошинский,"50.45612, 30.34653",Sergey,,https://www.olx.ua/d/obyavlenie/gravel-trek-checkpoint-alr4-2021-IDO0YIM.html
"Гравійний велосипед Cube Nuroad Race 2020, GRX, 56 рама",36 000 грн.,Б/у,2022-03-15,Ивано-Франковск,,"48.91819, 24.71343",Urban Bike Club,Urban Bike Club,https://www.olx.ua/d/obyavlenie/gravyniy-velosiped-cube-nuroad-race-2020-grx-56-rama-IDOhUkU.html
Гравийний grevel гравел Хромоль ! GRX ! Brooks ! Marin Cube Giant Trek,32 500 грн.,Б/у,2021-07-10,Тернополь,,"49.56069, 25.61132",хххРОМАххх,,https://www.olx.ua/d/obyavlenie/graviyniy-grevel-gravel-hromol-grx-brooks-marin-cube-giant-trek-IDM9ayf.html
SCOTT Contessa Speedster Gravel 25 (2021) (рама М),33 961 грн.,Б/у,2022-05-01,Гатное,,"50.36166, 30.39784",Виктория,,https://www.olx.ua/d/obyavlenie/scott-contessa-speedster-gravel-25-2021-rama-m-IDOvfOu.html
Гравел Scott spidster10 (М),34 600 грн.,Б/у,2022-05-30,Белки,,"48.32948, 23.11653",артур,,https://www.olx.ua/d/obyavlenie/gravel-scott-spidster10-m-IDOK8zZ.html
Гравел Canyon inflite ALL,36 100 грн.,Б/у,2022-05-15,Галич,,"49.11, 24.73",Михаил,velogarage,https://www.olx.ua/d/obyavlenie/gravel-canyon-inflite-all-IDOCB1Z.html
Велосипед гравел Cube Nuroad cannondale Merida trek canyon specialized,36 500 грн.,Б/у,2022-03-17,Киев,Днепровский,"50.45964, 30.61717",ЄвроБайк,Euro.bike,https://www.olx.ua/d/obyavlenie/velosiped-gravel-cube-nuroad-cannondale-merida-trek-canyon-specialized-IDOigqN.html
"Гравийный велосипед 28"" CYCLONE GSX - 2022 black 700c-GSX  54 (47cm)",36 678 грн.,Невідомо,2022-02-12,Киев,Голосеевский,"50.35684, 30.51985",Вакуленко Вакуленко,,https://www.olx.ua/d/obyavlenie/graviynyy-velosiped-28-cyclone-gsx-2022-black-700c-gsx-54-47cm-IDO9PHu.html
Гравел велосипед Stevens Gavere gravel cube scott canyon giant bmc gt,36 914 грн.,Б/у,2021-08-19,Киев,Дарницкий,"50.40931, 30.69263",ЄвроБайк,Euro.bike,https://www.olx.ua/d/obyavlenie/gravel-velosiped-stevens-gavere-gravel-cube-scott-canyon-giant-bmc-gt-IDMuwdE.html
Gravel Stevens Supreme scott specialized fuji canyon rondo cube trek,36 914 грн.,Б/у,2021-09-30,Киев,Дарницкий,"50.40931, 30.69263",ЄвроБайк,Euro.bike,https://www.olx.ua/d/obyavlenie/gravel-stevens-supreme-scott-specialized-fuji-canyon-rondo-cube-trek-IDMTxQA.html
"Велосипед Cube Nuroad Race Hpa 28"", рама L. Большой выбор велосипедов.",36 914 грн.,Б/у,2022-02-15,Вишневое,,"50.38803, 30.37538",Вадим,Веломагазин Bikecenter - ...,https://www.olx.ua/d/obyavlenie/velosiped-cube-nuroad-race-hpa-28-rama-l-bolshoy-vybor-velosipedov-IDObfiV.html
Гравел Trek Crockett 5 GRX 22 Speed Disc Scott Cube Giant Specialized,36 914 грн.,Б/у,2021-06-29,Киев,Днепровский,"50.45964, 30.61717",Веломан,ВЕЛОМАН,https://www.olx.ua/d/obyavlenie/gravel-trek-crockett-5-grx-22-speed-disc-scott-cube-giant-specialized-IDM2Yek.html
Cube Nuroad Pro 2021 scott trek specializet giant,37 000 грн.,Новый,2021-04-23,Ужгород,,"48.61981, 22.29811",Паша,VELOFAN,https://www.olx.ua/d/obyavlenie/cube-nuroad-pro-2021-scott-trek-specializet-giant-IDLqx7P.html
Гравел Kellys Soot 70 2020 M (515 мм),37 100 грн.,Б/у,2022-04-14,Сумы,,"50.9074, 34.80236",Дмитрий,,https://www.olx.ua/d/obyavlenie/gravel-kellys-soot-70-2020-m-515-mm-IDOpQar.html
Гравел Scott speedster 30 GRX (2020) велосипед,37 500 грн.,Б/у,2021-12-15,Черновцы,,"48.3, 25.93",Ігор,ROWEROK,https://www.olx.ua/d/obyavlenie/gravel-scott-speedster-30-grx-2020-velosiped-IDNDLGs.html
Cannondale topstone 3 gravel Sora гравел велосипед,37 000 грн.,Б/у,2022-06-02,Бровары,,"50.50568, 30.77972",Anthony,,https://www.olx.ua/d/obyavlenie/cannondale-topstone-3-gravel-sora-gravel-velosiped-IDOMd05.html
Гравел Stevens Gavere GRX гравийный велосипед циклокросс из Германии,37 900 грн.,Б/у,2022-02-03,Ирпень,,"50.51752, 30.2593",Артём,,https://www.olx.ua/d/obyavlenie/gravel-stevens-gavere-grx-graviynyy-velosiped-tsiklokross-iz-germanii-IDO436D.html
Велосипед Marin DSX1 размер s монстер кросс гравел gravel гревел байк,45 000 грн.,Б/у,2022-06-01,Софиевская Борщаговка,,"50.41437, 30.36408",Ola,,https://www.olx.ua/d/obyavlenie/velosiped-marin-dsx1-razmer-s-monster-kross-gravel-gravel-grevel-bayk-IDOLZSd.html
Scott speedster gravel 20 2021 cube trek specialized giant bianchi gt,37 598 грн.,Б/у,2021-10-30,Ивано-Франковск,,"48.91819, 24.71343",Назар,,https://www.olx.ua/d/obyavlenie/scott-speedster-gravel-20-2021-cube-trek-specialized-giant-bianchi-gt-IDNaoCD.html
Gravel/Endurance велосипед Bergamont Grandurance RD 7 2020,37 652 грн.,Б/у,2021-12-25,Харьков,Шевченковский,"50.045, 36.221",Сергей,Best Bikes. Продажа велос...,https://www.olx.ua/d/obyavlenie/gravel-endurance-velosiped-bergamont-grandurance-rd-7-2020-IDNIZ0n.html
"Циклокросс Canyon Inflite AL 9.0 p.XL (gravel,гравел,грейвл,гравийник)",37 652 грн.,Б/у,2022-03-20,Ивано-Франковск,,"48.91819, 24.71343",VeloPark,,https://www.olx.ua/d/obyavlenie/tsiklokross-canyon-inflite-al-9-0-p-xl-gravel-gravel-greyvl-graviynik-IDOiONj.html
Cross / Gravel велосипед Cannondale CAADX Ultegra disc 2018,37 800 грн.,Б/у,2021-10-05,Харьков,Шевченковский,"50.045, 36.221",Сергей,Best Bikes. Продажа велос...,https://www.olx.ua/d/obyavlenie/cross-gravel-velosiped-cannondale-caadx-ultegra-disc-2018-IDMVxOx.html
Gravel велосипед GT Grade Carbon 2017,37 800 грн.,Б/у,2021-10-05,Харьков,Шевченковский,"50.045, 36.221",Сергей,Best Bikes. Продажа велос...,https://www.olx.ua/d/obyavlenie/gravel-velosiped-gt-grade-carbon-2017-IDMVzYF.html
Gravel/Cross велосипед BMC Roadmachine X Gravel Bike Sram Rival,37 800 грн.,Б/у,2021-11-21,Харьков,Шевченковский,"50.045, 36.221",Сергей,Best Bikes. Продажа велос...,https://www.olx.ua/d/obyavlenie/gravel-cross-velosiped-bmc-roadmachine-x-gravel-bike-sram-rival-IDNnKXv.html
Gravel велосипед GT Grade 2017,37 800 грн.,Б/у,2021-04-26,Харьков,Шевченковский,"50.045, 36.221",Сергей,Best Bikes. Продажа велос...,https://www.olx.ua/d/obyavlenie/gravel-velosiped-gt-grade-2017-IDLsxdP.html
Гравійний велосипед Gravel Giant TCX SRL 2 (2020) ЯК НОВИЙ,37 800 грн.,Б/у,2022-05-14,Черновцы,,"48.3, 25.93",Ігор,ROWEROK,https://www.olx.ua/d/obyavlenie/gravyniy-velosiped-gravel-giant-tcx-srl-2-2020-yak-noviy-IDOCmra.html
Велосипед алюм гревел Crosser Gravel NORD 28 Trek GT гравел циклокросс,8 990 грн.,Новый,2021-06-02,Днепр,Центральный,"48.463, 35.02387",Велобокс,ВЕЛОБОКС,https://www.olx.ua/d/obyavlenie/velosiped-alyum-grevel-crosser-gravel-nord-28-trek-gt-gravel-tsiklokross-IDLNTAv.html
Велосипед гравійник Gravel Bulls,15 800 грн.,Б/у,2022-02-20,Луцк,,"50.74158, 25.28939",Вадім,Велосипеди та Лижі з Європи,https://www.olx.ua/d/obyavlenie/velosiped-gravynik-gravel-bulls-IDOetdD.html
"Велосипед циклокросс гравийник, gravel, cx, merida",16 000 грн.,Б/у,2022-02-03,Луганск,Жовтневый,"48.574, 39.308",Кирилл,,https://www.olx.ua/d/obyavlenie/velosiped-tsiklokross-graviynik-gravel-cx-merida-IDO4aj6.html
Велосипед Cube nuroad gravel,38 000 грн.,Б/у,2022-04-19,Винница,Замостянский,"49.248, 28.519",VK,,https://www.olx.ua/d/obyavlenie/velosiped-cube-nuroad-gravel-IDOrwtW.html
Гревел/циклокросс Gravel Cube Cross Race XL,38 000 грн.,Б/у,2022-05-14,Вараш,,"51.34366, 25.84909",Руслан,,https://www.olx.ua/d/obyavlenie/grevel-tsiklokross-gravel-cube-cross-race-xl-IDOC54i.html
туринг гравел хромолева рама планетарка alfine 11 cr-mo pinion ремень,38 095 грн.,Новый,2020-12-06,Львов,Сиховский,"49.792, 24.064",Роман,,https://www.olx.ua/d/obyavlenie/turing-gravel-hromoleva-rama-planetarka-alfine-11-cr-mo-pinion-remen-IDK3843.html
Гравел Bianchi Allroad Tiagra Disc 11 Cube Trek Scott,38 390 грн.,Б/у,2021-11-18,Киев,Дарницкий,"50.40931, 30.69263",Веломан,ВЕЛОМАН,https://www.olx.ua/d/obyavlenie/gravel-bianchi-allroad-tiagra-disc-11-cube-trek-scott-IDNlUSW.html
Велосипед Scott Speedster Gravel 30 2020 Trek Giant Cube Specialized,38 981 грн.,Б/у,2021-12-17,Киев,Днепровский,"50.45964, 30.61717",Веломан,ВЕЛОМАН,https://www.olx.ua/d/obyavlenie/velosiped-scott-speedster-gravel-30-2020-trek-giant-cube-specialized-IDNEBXA.html
Велосипед гравел Bergamont Grandurance canyon cube trek triban ktm,39 200 грн.,Б/у,2022-03-17,Киев,Днепровский,"50.45964, 30.61717",ЄвроБайк,Euro.bike,https://www.olx.ua/d/obyavlenie/velosiped-gravel-bergamont-grandurance-canyon-cube-trek-triban-ktm-IDOigZs.html
Велосипед Gravel Stevens Supreme cube trek scott cannondale merida,39 867 грн.,Б/у,2021-09-30,Киев,Дарницкий,"50.40931, 30.69263",ЄвроБайк,Euro.bike,https://www.olx.ua/d/obyavlenie/velosiped-gravel-stevens-supreme-cube-trek-scott-cannondale-merida-IDMTxXP.html
Новый Gravel / Endurance велосипед AUTHOR Aura XR 5 2020,39 867 грн.,Б/у,2021-12-25,Харьков,Шевченковский,"50.045, 36.221",Сергей,Best Bikes. Продажа велос...,https://www.olx.ua/d/obyavlenie/novyy-gravel-endurance-velosiped-author-aura-xr-5-2020-IDNJj1e.html
Гравел Stevens Supreme GRX 2020. Cube Scott Specialuzed Cannondale KTM,39 867 грн.,Б/у,2021-04-20,Киев,Днепровский,"50.45964, 30.61717",Веломан,ВЕЛОМАН,https://www.olx.ua/d/obyavlenie/gravel-stevens-supreme-grx-2020-cube-scott-specialuzed-cannondale-ktm-IDLo9OB.html
On One Pompetamine,39 999 грн.,Б/у,2022-05-20,Ивано-Франковск,,"48.91819, 24.71343",Антон,,https://www.olx.ua/d/obyavlenie/on-one-pompetamine-IDOEUsT.html
Гравел DeMaRCHE Stone,17 500 грн.,Новый,2022-05-28,Одесса,Малиновский,"46.46309, 30.67813",Юрий,,https://www.olx.ua/d/obyavlenie/gravel-demarche-stone-IDOJxp9.html
Туринг Bulls Daily гравел циклокрос из Германии (как новый),20 967 грн.,Б/у,2021-12-19,Ирпень,,"50.51752, 30.2593",Артём,,https://www.olx.ua/d/obyavlenie/turing-bulls-daily-gravel-tsiklokros-iz-germanii-kak-novyy-IDNFHWW.html
Новий карбоновий велосипед гревел  Twitter Gravel.,34 000 грн.,Новый,2021-08-14,Киев,Подольский,"50.49575, 30.43854",Виталий,,https://www.olx.ua/d/obyavlenie/noviy-karbonoviy-velosiped-grevel-twitter-gravel-IDMrRRs.html
Продам крос/гравел ракету Giant TCX SLR 1 2018,40 000 грн.,Б/у,2022-05-11,Киев,Шевченковский,"50.47135, 30.4624",Игорь,,https://www.olx.ua/d/obyavlenie/prodam-kros-gravel-raketu-giant-tcx-slr-1-2018-IDOAApk.html
"Cube, гревел, циклокрос, gravel, гравійний.",40 000 грн.,Б/у,2022-05-21,Черновцы,,"48.3, 25.93",павло,,https://www.olx.ua/d/obyavlenie/cube-grevel-tsiklokros-gravel-gravyniy-IDOFLyd.html
Гравийный велосипед Cube Nuroad scott trek specialized bianchi canyon,41 343 грн.,Б/у,2021-11-04,Киев,Дарницкий,"50.40931, 30.69263",ЄвроБайк,Euro.bike,https://www.olx.ua/d/obyavlenie/graviynyy-velosiped-cube-nuroad-scott-trek-specialized-bianchi-canyon-IDNduT2.html
Гравійний велосипед Gravel Orbea Terra H30 1X (2021) ЯК НОВИЙ,41 500 грн.,Б/у,2022-05-14,Черновцы,,"48.3, 25.93",Ігор,ROWEROK,https://www.olx.ua/d/obyavlenie/gravyniy-velosiped-gravel-orbea-terra-h30-1x-2021-yak-noviy-IDOCnle.html
Циклокросс FOCUS Mares CX carbon XXLр-р гидравлика диск гравел,41 876 грн.,Б/у,2021-08-06,Киев,Днепровский,"50.45964, 30.61717",Игорь,Shara Velo,https://www.olx.ua/d/obyavlenie/tsiklokross-focus-mares-cx-carbon-xxlr-r-gidravlika-disk-gravel-IDMnlgr.html
Gravel Rondo Ruut 2021 гравел specialized canyon ktm cube trek,42 820 грн.,Б/у,2021-09-22,Киев,Дарницкий,"50.40931, 30.69263",ЄвроБайк,Euro.bike,https://www.olx.ua/d/obyavlenie/gravel-rondo-ruut-2021-gravel-specialized-canyon-ktm-cube-trek-IDMO3Fc.html
Велосипед gravel Stevens Gavere гравел cube scott merida rondo canyon,42 820 грн.,Б/у,2021-10-01,Киев,Дарницкий,"50.40931, 30.69263",ЄвроБайк,Euro.bike,https://www.olx.ua/d/obyavlenie/velosiped-gravel-stevens-gavere-gravel-cube-scott-merida-rondo-canyon-IDMU5Kg.html
Циклокрос Canyon Inflite AL SLX 5.0 (2019) Гравел,43 000 грн.,Б/у,2022-04-15,Черновцы,,"48.3, 25.93",Ігор,ROWEROK,https://www.olx.ua/d/obyavlenie/tsiklokros-canyon-inflite-al-slx-5-0-2019-gravel-IDOqiAB.html
Циклокросс (gravel) Giant TCX Advanced Pro 2 карбон,43 706 грн.,Б/у,2020-02-22,Киев,Деснянский,"50.5186, 30.62532",Алексей,,https://www.olx.ua/d/obyavlenie/tsiklokross-gravel-giant-tcx-advanced-pro-2-karbon-IDH8AjS.html
Giant Advanced 2 PC 2021. Шоссер шосер карбон гравел,44 000 грн.,Б/у,2022-02-20,Самбор,,"49.52071, 23.20655",Роман,,https://www.olx.ua/d/obyavlenie/giant-advanced-2-pc-2021-shosser-shoser-karbon-gravel-IDOebvh.html
Гравел Scott spidster10 (М),34 600 грн.,Б/у,2022-05-30,Белки,,"48.32948, 23.11653",артур,,https://www.olx.ua/d/obyavlenie/gravel-scott-spidster10-m-IDOK8zZ.html
Cannondale topstone 3 gravel Sora гравел велосипед,37 000 грн.,Б/у,2022-06-02,Бровары,,"50.50568, 30.77972",Anthony,,https://www.olx.ua/d/obyavlenie/cannondale-topstone-3-gravel-sora-gravel-velosiped-IDOMd05.html
"Циклокросс Canyon Inflite AL 9.0 p.XL (gravel,гравел,грейвл,гравийник)",37 652 грн.,Б/у,2022-03-20,Ивано-Франковск,,"48.91819, 24.71343",VeloPark,,https://www.olx.ua/d/obyavlenie/tsiklokross-canyon-inflite-al-9-0-p-xl-gravel-gravel-greyvl-graviynik-IDOiONj.html
Велосипед Cube Nuroad Race FE 2020. Scott Trek Giant Specialized GT YT,44 001 грн.,Б/у,2021-06-03,Киев,Днепровский,"50.45964, 30.61717",Веломан,ВЕЛОМАН,https://www.olx.ua/d/obyavlenie/velosiped-cube-nuroad-race-fe2020-scott-trek-giant-specialized-gt-yt-IDLOjjK.html
Гравел Trek 920 2021 Scott Cube Giant Specialized Cannondale Canyon GT,44 297 грн.,Б/у,2021-06-26,Киев,Днепровский,"50.45964, 30.61717",Веломан,ВЕЛОМАН,https://www.olx.ua/d/obyavlenie/gravel-trek-920-2021-scott-cube-giant-specialized-cannondale-canyon-gt-IDM1yhg.html
Canyon Grail Al 7.0 2020,44 297 грн.,Б/у,2021-12-10,Харьков,Слободской,"49.93914, 36.28963",Андрей,"Чехлы,ковры,диски,шины.",https://www.olx.ua/d/obyavlenie/canyon-grail-al-7-0-2020-IDNAugO.html
Велосипед Gravel Cube Nuroad Scott specialized Merida canyon ktm,44 800 грн.,Б/у,2022-03-17,Киев,Днепровский,"50.45964, 30.61717",ЄвроБайк,Euro.bike,https://www.olx.ua/d/obyavlenie/velosiped-gravel-cube-nuroad-scott-specialized-merida-canyon-ktm-IDOih2l.html
Велосипед Marin DSX1 размер s монстер кросс гравел gravel гревел байк,45 000 грн.,Б/у,2022-06-01,Софиевская Борщаговка,,"50.41437, 30.36408",Ola,,https://www.olx.ua/d/obyavlenie/velosiped-marin-dsx1-razmer-s-monster-kross-gravel-gravel-grevel-bayk-IDOLZSd.html
Гравийный велосипед KTM X-STRADA 720 cube trek scott cannondale canyon,45 773 грн.,Б/у,2021-06-17,Киев,Дарницкий,"50.40931, 30.69263",ЄвроБайк,Euro.bike,https://www.olx.ua/d/obyavlenie/graviynyy-velosiped-ktm-x-strada-720-cube-trek-scott-cannondale-canyon-IDLVVZ3.html
"E-Bike, електро Giant 2021 не cube, trek, scott, haibike, focus, ghost",45 950 грн.,Б/у,2022-02-23,Ивано-Франковск,,"48.91819, 24.71343",Ua ' If,,https://www.olx.ua/d/obyavlenie/e-bike-elektro-giant-2021-ne-cube-trek-scott-haibike-focus-ghost-IDOgrvd.html
Топовий гравійний велосипед BMC Sram rival,45 950 грн.,Б/у,2022-05-05,Черновцы,,"48.3, 25.93",Ігор,ROWEROK,https://www.olx.ua/d/obyavlenie/topoviy-gravyniy-velosiped-bmc-sram-rival-IDOy6HA.html
Електровелосипед  Giant ( 2021) cube trek scott haibike,45 950 грн.,Б/у,2022-05-05,Ивано-Франковск,,"48.91819, 24.71343",Ua ' If,,https://www.olx.ua/d/obyavlenie/elektrovelosiped-giant-2021-cube-trek-scott-haibike-IDOymuB.html
Гравел Serious Gravix Pro 2021 Cube Giant Scott Specialized Canyon GT,46 200 грн.,Б/у,2021-09-19,Киев,Днепровский,"50.45964, 30.61717",Веломан,ВЕЛОМАН,https://www.olx.ua/d/obyavlenie/gravel-serious-gravix-pro-2021-cube-giant-scott-specialized-canyon-gt-IDMMIzV.html
Гравел Stevens Gavere GRX гравийный велосипед циклокросс из Германии,37 900 грн.,Б/у,2022-02-03,Ирпень,,"50.51752, 30.2593",Артём,,https://www.olx.ua/d/obyavlenie/gravel-stevens-gavere-grx-graviynyy-velosiped-tsiklokross-iz-germanii-IDO436D.html
Corratec  Gravel (2020)  Trek cube Sram Rival 1 елекро гравел scott,57 000 грн.,Б/у,2022-04-18,Ивано-Франковск,,"48.91819, 24.71343",Ua ' If,,https://www.olx.ua/d/obyavlenie/corratec-gravel-2020-trek-cube-sram-rival-1-elekro-gravel-scott-IDOroFL.html
29x3.0 Salsa Fargo Custom гравийный монстеркросс гравел гравийник,99 999 грн.,Б/у,2022-04-09,Хмельницкий,,"49.40611, 27.0045",Продавец,,https://www.olx.ua/d/obyavlenie/29x3-0-salsa-fargo-custom-graviynyy-monsterkross-gravel-graviynik-IDOnYZP.html
Gravel велосипед Specialized Diverge E5 GRX (2021),46 200 грн.,Б/у,2022-05-13,Черновцы,,"48.3, 25.93",Ігор,ROWEROK,https://www.olx.ua/d/obyavlenie/gravel-velosiped-specialized-diverge-e5-grx-2021-IDOBVdy.html
Велосипед Gravel Cube Nuroad FE(2021) canyon rondo trek merida ktm grx,47 250 грн.,Б/у,2021-08-19,Киев,Дарницкий,"50.40931, 30.69263",ЄвроБайк,Euro.bike,https://www.olx.ua/d/obyavlenie/velosiped-gravel-cube-nuroad-fe2021-canyon-rondo-trek-merida-ktm-grx-IDMuBsx.html
Велосипед Cube Cross Race gravel циклокросс specialized trek scott ktm,47 250 грн.,Б/у,2021-10-01,Киев,Дарницкий,"50.40931, 30.69263",ЄвроБайк,Euro.bike,https://www.olx.ua/d/obyavlenie/velosiped-cube-cross-race-gravel-tsiklokross-specialized-trek-scott-ktm-IDMTXu7.html
Велосипед Gravel Cube Nuroad 2021 гравел scott cannondale rondo merida,47 250 грн.,Б/у,2021-10-01,Киев,Дарницкий,"50.40931, 30.69263",ЄвроБайк,Euro.bike,https://www.olx.ua/d/obyavlenie/velosiped-gravel-cube-nuroad-2021-gravel-scott-cannondale-rondo-merida-IDMU4w7.html
Велосипед SCOTT Speedster Gravel 20 Trek Cube Giant Specialized Canyon,47 250 грн.,Б/у,2021-09-11,Киев,Днепровский,"50.45964, 30.61717",Веломан,ВЕЛОМАН,https://www.olx.ua/d/obyavlenie/velosiped-scott-speedster-gravel-20-trek-cube-giant-specialized-canyon-IDMI2F0.html
Велосипед Rondo Ruut Tanger gravel scott cube specialized cmerida ktm,47 250 грн.,Б/у,2021-10-01,Киев,Дарницкий,"50.40931, 30.69263",ЄвроБайк,Euro.bike,https://www.olx.ua/d/obyavlenie/velosiped-rondo-ruut-tanger-gravel-scott-cube-specialized-cmerida-ktm-IDMU8Yt.html
Електро E-bike 2021 Giant trek scott cube ktm haibike,47 500 грн.,Б/у,2022-03-20,Ивано-Франковск,,"48.91819, 24.71343",Ua ' If,,https://www.olx.ua/d/obyavlenie/elektro-e-bike-2021-giant-trek-scott-cube-ktm-haibike-IDOiNh1.html
Велосипед гравел Cube NUROAD RACE FE (2021) ЯК НОВИЙ,49 500 грн.,Б/у,2022-05-30,Черновцы,,"48.3, 25.93",Ігор,ROWEROK,https://www.olx.ua/d/obyavlenie/velosiped-gravel-cube-nuroad-race-fe-2021-yak-noviy-IDOKp72.html
Гравийный велосипед Gravel Orbea Vector\Документы\Гарантия,49 800 грн.,Б/у,2021-06-06,Киев,Голосеевский,"50.35684, 30.51985",Александр,ROWER LIFE,https://www.olx.ua/d/obyavlenie/graviynyy-velosiped-gravel-orbea-vector-dokumenty-garantiya-IDLQl6d.html
"Велосипед алюминий гревел  Crosser Gravel NORD 28"" Giant гравел гревэл",8 990 грн.,Новый,2021-05-31,Одесса,Киевский,"46.38471, 30.70913",Велобокс,ВЕЛОБОКС,https://www.olx.ua/d/obyavlenie/velosiped-alyuminiy-grevel-crosser-gravel-nord-28-giant-gravel-grevel-IDLMQQw.html
Велосипед алюм гревел Crosser Gravel NORD 28 Trek GT гравел циклокросс,8 990 грн.,Новый,2021-06-02,Днепр,Центральный,"48.463, 35.02387",Велобокс,ВЕЛОБОКС,https://www.olx.ua/d/obyavlenie/velosiped-alyum-grevel-crosser-gravel-nord-28-trek-gt-gravel-tsiklokross-IDLNTAv.html
Велосипед гравійник Gravel Bulls,15 800 грн.,Б/у,2022-02-20,Луцк,,"50.74158, 25.28939",Вадім,Велосипеди та Лижі з Європи,https://www.olx.ua/d/obyavlenie/velosiped-gravynik-gravel-bulls-IDOetdD.html
Cannondale Synapse Endurance road Gravel bike Carbon 2019 MDN 54.,50 203 грн.,Б/у,2021-07-29,Обухов,,"50.10483, 30.62913",Виталий,,https://www.olx.ua/d/obyavlenie/cannondale-synapse-endurance-road-gravel-bike-carbon-2019-mdn-54-IDMj9Ud.html
Гравийный велосипед Gravel Stevens Supreme\Документы\Гарантия,51 800 грн.,Б/у,2021-07-01,Киев,Голосеевский,"50.35684, 30.51985",Александр,ROWER LIFE,https://www.olx.ua/d/obyavlenie/graviynyy-velosiped-gravel-stevens-supreme-dokumenty-garantiya-IDM471o.html
Титановый Gravel велосипед Omnium CXC Titanium,52 565 грн.,Б/у,2021-11-20,Харьков,Шевченковский,"50.045, 36.221",Сергей,Best Bikes. Продажа велос...,https://www.olx.ua/d/obyavlenie/titanovyy-gravel-velosiped-omnium-cxc-titanium-IDNnF7T.html
Open WI.DE extreme gravel frameset new carbon bmc bianchi cervelo 3t,53 000 грн.,Новый,2022-05-17,Ивано-Франковск,,"48.91819, 24.71343",Назар,,https://www.olx.ua/d/obyavlenie/open-wi-de-extreme-gravel-frameset-new-carbon-bmc-bianchi-cervelo-3t-IDODuTi.html
Велосипед Specialized Sequoia Elite gravel туринг cube trek rondo ktm,53 156 грн.,Б/у,2021-11-04,Киев,Дарницкий,"50.40931, 30.69263",ЄвроБайк,Euro.bike,https://www.olx.ua/d/obyavlenie/velosiped-specialized-sequoia-elite-gravel-turing-cube-trek-rondo-ktm-IDNdr94.html
Топовый циклокросс Guerciotti Eureka CX Carbon Ultegra r8000 Гравел,53 156 грн.,Б/у,2022-05-25,Одесса,Киевский,"46.38471, 30.70913",Богдан,Velosecondlife продажа бр...,https://www.olx.ua/d/obyavlenie/topovyy-tsiklokross-guerciotti-eureka-cx-carbon-ultegra-r8000-gravel-IDOHS77.html
Gravel велосипед Cannondale TOPSTONE Carbon 2 2020,53 746 грн.,Б/у,2021-12-25,Харьков,Шевченковский,"50.045, 36.221",Сергей,Best Bikes. Продажа велос...,https://www.olx.ua/d/obyavlenie/gravel-velosiped-cannondale-topstone-carbon-2-2020-IDNIYGc.html
Cross / Gravel велосипед Giant TCX Advanced Carbon 2019,54 042 грн.,Б/у,2021-10-05,Харьков,Шевченковский,"50.045, 36.221",Сергей,Best Bikes. Продажа велос...,https://www.olx.ua/d/obyavlenie/cross-gravel-velosiped-giant-tcx-advanced-carbon-2019-IDMVzoZ.html
Велосипед гравел Author Aura новый trek scott cube specialized,54 500 грн.,Новый,2021-10-01,Киев,Дарницкий,"50.40931, 30.69263",ЄвроБайк,Euro.bike,https://www.olx.ua/d/obyavlenie/velosiped-gravel-author-aura-novyy-trek-scott-cube-specialized-IDMU5Ei.html
Гравийный велосипед Gravel Trek  Checkpoint ALR 4 !ВІЙСЬКОВИМ ЗНИЖКА!,54 600 грн.,Б/у,2021-09-10,Винница,Ленинский,"49.227, 28.423",Александр,ROWER LIFE,https://www.olx.ua/d/obyavlenie/graviynyy-velosiped-gravel-trek-checkpoint-alr-4-vyskovim-znizhka-IDMHsa0.html
"Gravel Giant Toughtroad гревел, туринг",19 500 грн.,Б/у,2022-05-29,Сумы,,"50.9074, 34.80236",Роман,,https://www.olx.ua/d/obyavlenie/gravel-giant-toughtroad-grevel-turing-IDOJVEH.html
Велосипед Gravel Cube Nuroad Pro 56 на осях rondo cannondale merida,28 700 грн.,Б/у,2022-05-31,Запорожье,Хортицкий,"47.815, 35.052",Александр,веломагазин ВеЛас,https://www.olx.ua/d/obyavlenie/velosiped-gravel-cube-nuroad-pro-56-na-osyah-rondo-cannondale-merida-IDOL4YB.html
Гравийний grevel гравел Хромоль ! GRX ! Brooks ! Marin Cube Giant Trek,32 500 грн.,Б/у,2021-07-10,Тернополь,,"49.56069, 25.61132",хххРОМАххх,,https://www.olx.ua/d/obyavlenie/graviyniy-grevel-gravel-hromol-grx-brooks-marin-cube-giant-trek-IDM9ayf.html
Gravel циклокроссовый велосипед Bergamont Grandurance Expert 2020,55 223 грн.,Б/у,2022-02-13,Харьков,Шевченковский,"50.045, 36.221",Сергей,Best Bikes. Продажа велос...,https://www.olx.ua/d/obyavlenie/gravel-tsiklokrossovyy-velosiped-bergamont-grandurance-expert-2020-IDOajoQ.html
Велосипед Cube Nuroad EX 2021(размер L-58)(1600$),56 000 грн.,Б/у,2022-04-23,Черноморск,,"46.29138, 30.64891",Sergii,,https://www.olx.ua/d/obyavlenie/velosiped-cube-nuroad-ex-2021razmer-l-581600-IDOtf6F.html
Велосипед  гравел Specialized Diverge gravel cube cannondale canyon gt,56 109 грн.,Б/у,2021-09-30,Киев,Дарницкий,"50.40931, 30.69263",ЄвроБайк,Euro.bike,https://www.olx.ua/d/obyavlenie/velosiped-gravel-specialized-diverge-gravel-cube-cannondale-canyon-gt-IDMTsW4.html
Велосипед JAEGHER Never гравел gravel cube trek scott rondo canyon,56 109 грн.,Б/у,2021-10-22,Киев,Дарницкий,"50.40931, 30.69263",ЄвроБайк,Euro.bike,https://www.olx.ua/d/obyavlenie/velosiped-jaegher-never-gravel-gravel-cube-trek-scott-rondo-canyon-IDN5ZuX.html
Corratec  Gravel (2020)  Trek cube Sram Rival 1 елекро гравел scott,57 000 грн.,Б/у,2022-04-18,Ивано-Франковск,,"48.91819, 24.71343",Ua ' If,,https://www.olx.ua/d/obyavlenie/corratec-gravel-2020-trek-cube-sram-rival-1-elekro-gravel-scott-IDOroFL.html
Gravel/Cross велосипед Orbea Terra Carbon,57 585 грн.,Б/у,2021-09-02,Харьков,Шевченковский,"50.045, 36.221",Сергей,Best Bikes. Продажа велос...,https://www.olx.ua/d/obyavlenie/gravel-cross-velosiped-orbea-terra-carbon-IDMCjZ7.html
"БУ хромолевый гравийник 28"" AUTHOR Ronin SL - 2019 Apex рама 56 см",57 600 грн.,Б/у,2022-02-12,Киев,Голосеевский,"50.35684, 30.51985",Вакуленко Вакуленко,,https://www.olx.ua/d/obyavlenie/bu-hromolevyy-graviynik-28-author-ronin-sl-2019-apex-rama-56-sm-IDO9Pcp.html
Шосейний/гравел  карбоновий велосипед Radon Spire Disc Ultegra,58 000 грн.,Б/у,2022-04-18,Львов,Сиховский,"49.792, 24.064",Віктор,,https://www.olx.ua/d/obyavlenie/shoseyniy-gravel-karbonoviy-velosiped-radon-spire-disc-ultegra-IDOr8sG.html
"Fuji Jari carbon 1.1 гравийник, гравел, циклокросс",58 767 грн.,Б/у,2022-02-17,Одесса,Киевский,"46.38471, 30.70913",Руслан,velomedutin,https://www.olx.ua/d/obyavlenie/fuji-jari-carbon-1-1-graviynik-gravel-tsiklokross-IDOcqqh.html
Gravel Cube Nuroad C:62 PRO Carbon 2021/Merida/Rondo/Trek,59 000 грн.,Б/у,2022-04-21,Киев,Оболонский,"50.51015, 30.50243",Александр,,https://www.olx.ua/d/obyavlenie/gravel-cube-nuroad-c62-pro-carbon-2021-merida-rondo-trek-IDOsquL.html
Гравел Scott spidster10 (М),34 600 грн.,Б/у,2022-05-30,Белки,,"48.32948, 23.11653",артур,,https://www.olx.ua/d/obyavlenie/gravel-scott-spidster10-m-IDOK8zZ.html
"Продам велосипед шоссейный (gravel, гравийный) Cube Nuroad Race",35 000 грн.,Б/у,2022-05-30,Кременчуг,,"49.10325, 33.43006",Владимир,,https://www.olx.ua/d/obyavlenie/prodam-velosiped-shosseynyy-gravel-graviynyy-cube-nuroad-race-IDOKici.html
Cannondale topstone 3 gravel Sora гравел велосипед,37 000 грн.,Б/у,2022-06-02,Бровары,,"50.50568, 30.77972",Anthony,,https://www.olx.ua/d/obyavlenie/cannondale-topstone-3-gravel-sora-gravel-velosiped-IDOMd05.html
Электровелосипед Orbea Gain Gravel cube trek specialized cannondale,59 062 грн.,Б/у,2021-09-30,Киев,Дарницкий,"50.40931, 30.69263",ЄвроБайк,Euro.bike,https://www.olx.ua/d/obyavlenie/elektrovelosiped-orbea-gain-gravel-cube-trek-specialized-cannondale-IDMTyIj.html
Gravel Boardman ADV 9.0  Carbon/specialized/cube/trek/merida,60 000 грн.,Б/у,2021-11-26,Киев,Оболонский,"50.51015, 30.50243",Александр,,https://www.olx.ua/d/obyavlenie/gravel-boardman-adv-9-0-carbon-specialized-cube-trek-merida-IDNrBQc.html
Specialized diverge карбон,60 000 грн.,Б/у,2022-05-10,Воля-Бартативская,,"49.79941, 23.77821",Anuisik,,https://www.olx.ua/d/obyavlenie/specialized-diverge-karbon-IDOAxA9.html
Гравийный велосипед Gravel Scott Speedster 30(КАК НОВЫЙ),60 600 грн.,Б/у,2021-07-13,Киев,Голосеевский,"50.35684, 30.51985",Александр,ROWER LIFE,https://www.olx.ua/d/obyavlenie/graviynyy-velosiped-gravel-scott-speedster-30kak-novyy-IDMaAFx.html
"Циклокросс Scott Addict cx 20, carbon!",62 000 грн.,Б/у,2022-05-21,Одесса,Малиновский,"46.46309, 30.67813",Георг,,https://www.olx.ua/d/obyavlenie/tsiklokross-scott-addict-cx-20-carbon-IDOFxP0.html
Гревел Giant Revolt Advanced 3 2020. Trek Specialized Canyon Scott BMC,62 015 грн.,Б/у,2021-05-19,Киев,Днепровский,"50.45964, 30.61717",Веломан,ВЕЛОМАН,https://www.olx.ua/d/obyavlenie/grevel-giant-revolt-advanced-3-2020-trek-specialized-canyon-scott-bmc-IDLFSkG.html
Велосипед Gravel GHOST ROAD RAGE ESSENTIAL новий Cube Trek Marin,63 000 грн.,Новый,2021-11-21,Львов,Франковский,"49.839, 23.995",Володимир,,https://www.olx.ua/d/obyavlenie/velosiped-gravel-ghost-road-rage-essential-noviy-cube-trek-marin-IDNnNzN.html
Новый Gravel велосипед AUTHOR Guru 2021 Carbon,63 492 грн.,Новый,2021-10-05,Харьков,Шевченковский,"50.045, 36.221",Сергей,Best Bikes. Продажа велос...,https://www.olx.ua/d/obyavlenie/novyy-gravel-velosiped-author-guru-2021-carbon-IDMVxJ6.html
Електровелосипед Gravel Dimanche canyon cube cannondale Scott trek,63 800 грн.,Б/у,2022-03-17,Киев,Днепровский,"50.45964, 30.61717",ЄвроБайк,Euro.bike,https://www.olx.ua/d/obyavlenie/elektrovelosiped-gravel-dimanche-canyon-cube-cannondale-scott-trek-IDOihLZ.html
Велосипед Dimanche 29.3 Gravel электрический specialized orbea bosch,64 968 грн.,Б/у,2021-11-04,Киев,Дарницкий,"50.40931, 30.69263",ЄвроБайк,Euro.bike,https://www.olx.ua/d/obyavlenie/velosiped-dimanche-29-3-gravel-elektricheskiy-specialized-orbea-bosch-IDNdFm1.html
Гравел Stevens Gavere GRX гравийный велосипед циклокросс из Германии,37 900 грн.,Б/у,2022-02-03,Ирпень,,"50.51752, 30.2593",Артём,,https://www.olx.ua/d/obyavlenie/gravel-stevens-gavere-grx-graviynyy-velosiped-tsiklokross-iz-germanii-IDO436D.html
електро гравел ebike Orbea Gain 2020 Gravel GRX cube trek specialized,51 679 грн.,Б/у,2021-10-20,Ужгород,,"48.61981, 22.29811",юра,VELOMAN,https://www.olx.ua/d/obyavlenie/elektro-gravel-ebike-orbea-gain-2020-gravel-grx-cube-trek-specialized-IDN54F0.html
"Електро Giant cube trek , 2020 гравел",57 000 грн.,Б/у,2021-04-29,Ивано-Франковск,,"48.91819, 24.71343",Ua ' If,,https://www.olx.ua/d/obyavlenie/elektro-giant-cube-trek-2020-gravel-IDLulxc.html
Велосипед Циклокрос Гравел Rose BackRoab карбон,67 000 грн.,Б/у,2022-05-23,Черновцы,,"48.3, 25.93",Василь,,https://www.olx.ua/d/obyavlenie/velosiped-tsiklokros-gravel-rose-backroab-karbon-IDOGTMm.html
Повний комплект!! Електро CUBE NUROAD HYBRID C:62 карбон GRX Гравел,68 500 грн.,Б/у,2021-10-13,Черновцы,,"48.3, 25.93",Ігор,ROWEROK,https://www.olx.ua/d/obyavlenie/povniy-komplekt-elektro-cube-nuroad-hybrid-c62-karbon-grx-gravel-IDN0Yme.html
Specialized DIVERGE E5 COMP 2021 (Gravel/GRX/DT SWISS/BROOKS),69 000 грн.,Б/у,2022-04-27,Миргород,,"49.95638, 33.60708",Олександр,,https://www.olx.ua/d/obyavlenie/specialized-diverge-e5-comp-2021-gravel-grx-dt-swiss-brooks-IDOuDdx.html
Електро велосипед Giant Explore E+2 Stagger Frame,70 874 грн.,Новый,2022-05-19,Львов,Сиховский,"49.792, 24.064",Vlad,,https://www.olx.ua/d/obyavlenie/elektro-velosiped-giant-explore-e-2-stagger-frame-IDOEwec.html
Карбоновый гравийный велосипед Author Guru grx cube scott rondo canyon,71 400 грн.,Новый,2021-10-01,Киев,Дарницкий,"50.40931, 30.69263",ЄвроБайк,Euro.bike,https://www.olx.ua/d/obyavlenie/karbonovyy-graviynyy-velosiped-author-guru-grx-cube-scott-rondo-canyon-IDMUac7.html
Продам карбоновый циклокросс cannondale superx,73 828 грн.,Б/у,2021-10-22,Харьков,Новобаварский,"49.94667, 36.15974",Дмитрий,,https://www.olx.ua/d/obyavlenie/prodam-karbonovyy-tsiklokross-cannondale-superx-IDN6i2W.html
Cross/Gravel велосипед Canyon Inflite CF SL 8.0 2021,78 257 грн.,Б/у,2022-02-13,Харьков,Шевченковский,"50.045, 36.221",Сергей,Best Bikes. Продажа велос...,https://www.olx.ua/d/obyavlenie/cross-gravel-velosiped-canyon-inflite-cf-sl-8-0-2021-IDOajsU.html
Гравел BMC URS FOUR 2020. Trek Scott,79 438 грн.,Б/у,2021-05-29,Киев,Днепровский,"50.45964, 30.61717",Веломан,ВЕЛОМАН,https://www.olx.ua/d/obyavlenie/gravel-bmc-urs-four-2020-trek-scott-IDLLgI1.html
"Велосипед алюминий гревел  Crosser Gravel NORD 28"" Giant гравел гревэл",8 990 грн.,Новый,2021-05-31,Одесса,Киевский,"46.38471, 30.70913",Велобокс,ВЕЛОБОКС,https://www.olx.ua/d/obyavlenie/velosiped-alyuminiy-grevel-crosser-gravel-nord-28-giant-gravel-grevel-IDLMQQw.html
"Гравел велосипед Crosser Nord  28""",9 000 грн.,Новый,2021-04-28,Одесса,Киевский,"46.38471, 30.70913",Артур,А-ВЕЛО,https://www.olx.ua/d/obyavlenie/gravel-velosiped-crosser-nord-28-IDLtCMo.html
"Велосипед гравийный DeMARCHE Gravel Point 28"" L-TWOO (18S, 2х9)",15 000 грн.,Невідомо,2022-04-24,Одесса,Приморский,"46.467, 30.745",Александр Crosser Official,Crosser bike official,https://www.olx.ua/d/obyavlenie/velosiped-graviynyy-demarche-gravel-point-28-l-twoo-18s-2h9-IDOtnAO.html
"Велосипед Merida Silex 6000 (2021) metallic teal / Gravel, гревел",80 000 грн.,Новый,2022-05-19,Киев,Шевченковский,"50.47135, 30.4624",Богдан,ТОВ «Аш Бі Медікал»,https://www.olx.ua/d/obyavlenie/velosiped-merida-silex-6000-2021-metallic-teal-gravel-grevel-IDOEFte.html
Гравел\циклокрос Canyon Grail CF SL GRX Di2 gravel bike,85 345 грн.,Б/у,2022-05-07,Львов,Франковский,"49.839, 23.995",Віталік,VeloLive,https://www.olx.ua/d/obyavlenie/gravel-tsiklokros-canyon-grail-cf-sl-grx-di2-gravel-bike-IDOyOTc.html
Електро велосипед Giant Explore E+2 (L),85 640 грн.,Новый,2022-05-25,Львов,Сиховский,"49.792, 24.064",Vlad,,https://www.olx.ua/d/obyavlenie/elektro-velosiped-giant-explore-e-2-l-IDOHzgo.html
Open U.P New gravel carbon specialized scott trek bmc 3t cube bianchi,86 000 грн.,Новый,2022-04-02,Ивано-Франковск,,"48.91819, 24.71343",Назар,,https://www.olx.ua/d/obyavlenie/open-u-p-new-gravel-carbon-specialized-scott-trek-bmc-3t-cube-bianchi-IDOm69u.html
Гравійний електро велосипед Gravel Stevens E-GETAWAY Carbon (2021) ЯК,90 000 грн.,Б/у,2022-05-16,Черновцы,,"48.3, 25.93",Ігор,ROWEROK,https://www.olx.ua/d/obyavlenie/gravyniy-elektro-velosiped-gravel-stevens-e-getaway-carbon-2021-yak-IDOCS3I.html
Frm terrae gravel carbon Italy Eagle axs etap bianchi bmc scott trek,91 625 грн.,Б/у,2021-10-07,Ивано-Франковск,,"48.91819, 24.71343",Назар,,https://www.olx.ua/d/obyavlenie/frm-terrae-gravel-carbon-italy-eagle-axs-etap-bianchi-bmc-scott-trek-IDMXAnA.html
Велосипед KTM Strada Master Specialized Cannondale Canyon Merida BMC,95 000 грн.,Б/у,2022-03-17,Киев,Днепровский,"50.45964, 30.61717",ЄвроБайк,Euro.bike,https://www.olx.ua/d/obyavlenie/velosiped-ktm-strada-master-specialized-cannondale-canyon-merida-bmc-IDOigHJ.html
Циклокрос\ гравел BMC URS Two Gravel Bike Shima GRX Di2,97 157 грн.,Новый,2022-05-09,Львов,Франковский,"49.839, 23.995",Виталик,VeloLive,https://www.olx.ua/d/obyavlenie/tsiklokros-gravel-bmc-urs-two-gravel-bike-shima-grx-di2-IDOzBeg.html
29x3.0 Salsa Fargo Custom гравийный монстеркросс гравел гравийник,99 999 грн.,Б/у,2022-04-09,Хмельницкий,,"49.40611, 27.0045",Продавец,,https://www.olx.ua/d/obyavlenie/29x3-0-salsa-fargo-custom-graviynyy-monsterkross-gravel-graviynik-IDOnYZP.html
Карбоновый гравийник Gravel Cinelli King Zudeco!ВІЙСЬКОВИМ ЗНИЖКА!,109 200 грн.,Б/у,2021-11-17,Киев,Голосеевский,"50.35684, 30.51985",Александр,ROWER LIFE,https://www.olx.ua/d/obyavlenie/karbonovyy-graviynik-gravel-cinelli-king-zudeco-vyskovim-znizhka-IDNlzVR.html
"Велосипед циклокросс гравийник, gravel, cx, merida",16 000 грн.,Б/у,2022-02-03,Луганск,Жовтневый,"48.574, 39.308",Кирилл,,https://www.olx.ua/d/obyavlenie/velosiped-tsiklokross-graviynik-gravel-cx-merida-IDO4aj6.html
"Gravel Giant Toughtroad гревел, туринг",19 500 грн.,Б/у,2022-05-29,Сумы,,"50.9074, 34.80236",Роман,,https://www.olx.ua/d/obyavlenie/gravel-giant-toughtroad-grevel-turing-IDOJVEH.html
Туринг Bulls Daily гравел циклокрос из Германии (как новый),20 967 грн.,Б/у,2021-12-19,Ирпень,,"50.51752, 30.2593",Артём,,https://www.olx.ua/d/obyavlenie/turing-bulls-daily-gravel-tsiklokros-iz-germanii-kak-novyy-IDNFHWW.html
Cannondale topstone carbon lefty 3 SIZE - M,110 582 грн.,Новый,2022-05-20,Кропивницкий,Подольский,"48.49354, 32.29581",Женя,,https://www.olx.ua/d/obyavlenie/cannondale-topstone-carbon-lefty-3-size-m-IDOEU9W.html
Велосипед Trek Boone 7 2020 цыклокросс gravel scott specialized canyon,115 171 грн.,Б/у,2021-05-23,Киев,Дарницкий,"50.40931, 30.69263",ЄвроБайк,Euro.bike,https://www.olx.ua/d/obyavlenie/velosiped-trek-boone-7-2020-tsyklokross-gravel-scott-specialized-canyon-IDLI2Yl.html
"Specialized turbo Creo SL (элетро велосипед, гравел, шоссе)",125 000 грн.,Б/у,2021-10-14,Харьков,Шевченковский,"50.045, 36.221",Ярослав,,https://www.olx.ua/d/obyavlenie/specialized-turbo-creo-sl-eletro-velosiped-gravel-shosse-IDN1q5n.html
Cervelo aspero new 2022 gravel carbon grx di2 scott trek bmc 3t canyon,155 000 грн.,Новый,2022-04-03,Ивано-Франковск,,"48.91819, 24.71343",Назар,,https://www.olx.ua/d/obyavlenie/cervelo-aspero-new-2022-gravel-carbon-grx-di2-scott-trek-bmc-3t-canyon-IDOmgJm.html
Cervelo aspero 5 force etap axs carbon gravel new scott bmc trek cube,165 000 грн.,Новый,2022-03-29,Ивано-Франковск,,"48.91819, 24.71343",Назар,,https://www.olx.ua/d/obyavlenie/cervelo-aspero-5-force-etap-axs-carbon-gravel-new-scott-bmc-trek-cube-IDOkIIg.html
3T exploro max Eagle axs new carbon gravel cervelo bmc scott trek,189 000 грн.,Новый,2022-04-15,Ивано-Франковск,,"48.91819, 24.71343",Назар,,https://www.olx.ua/d/obyavlenie/3t-exploro-max-eagle-axs-new-carbon-gravel-cervelo-bmc-scott-trek-IDOqfnh.html
"Гравел CUBE NUROAD PRO FE (2021)Carbon/Tiagra,велосипед Gravel",24 200 грн.,Б/у,2022-05-22,Каменка-Бугская,,"50.09947, 24.34957",Олег,ВелоДруг,https://www.olx.ua/d/obyavlenie/gravel-cube-nuroad-pro-fe-2021carbon-tiagra-velosiped-gravel-IDOGhQ2.html
"Топовый велосипед Canyon R096 RoadLite SL гравел, шоссейный urban",29 236 грн.,Б/у,2021-12-30,Ирпень,,"50.51752, 30.2593",Артём,,https://www.olx.ua/d/obyavlenie/topovyy-velosiped-canyon-r096-roadlite-sl-gravel-shosseynyy-urban-IDNLz31.html
